name,stars,age_years,num_releases,java_files,classes,methods,loc_total,loc_total_src,loc_code,loc_comment,loc_blank,comment_pct,cbo_avg,dit_avg,lcom_avg,avg_wmc,url,clone_url,created_at,note
Snailclimb/JavaGuide,151751,7.36,0,0,0,0,0,0,0,0,0,,,,,,https://github.com/Snailclimb/JavaGuide,https://github.com/Snailclimb/JavaGuide.git,2018-05-07T13:27:00Z,no_java_files
GrowingGit/GitHub-Chinese-Top-Charts,102216,6.04,0,1,1,1,5,7,5,1,1,14.29,0.0,1.0,0.0,1.0,https://github.com/GrowingGit/GitHub-Chinese-Top-Charts,https://github.com/GrowingGit/GitHub-Chinese-Top-Charts.git,2019-09-05T03:01:56Z,
krahets/hello-algo,116767,2.87,9,255,215,792,7700,19635,12483,4740,2412,24.14,1.87,1.0,4.71,8.74,https://github.com/krahets/hello-algo,https://github.com/krahets/hello-algo.git,2022-11-04T11:08:34Z,
macrozheng/mall,81581,7.46,3,526,760,14173,100903,85643,65769,3050,16824,3.56,3.94,1.24,1110.8,20.09,https://github.com/macrozheng/mall,https://github.com/macrozheng/mall.git,2018-04-04T01:11:44Z,
iluwatar/java-design-patterns,92675,11.11,0,1813,1894,4728,35484,117768,47741,58381,11646,49.57,3.37,1.2,1.84,3.29,https://github.com/iluwatar/java-design-patterns,https://github.com/iluwatar/java-design-patterns.git,2014-08-09T16:45:18Z,
doocs/advanced-java,78240,6.95,1,1,1,1,5,8,5,3,0,37.5,0.0,1.0,0.0,1.0,https://github.com/doocs/advanced-java,https://github.com/doocs/advanced-java.git,2018-10-06T11:38:30Z,
MisterBooo/LeetCodeAnimation,76448,6.78,0,11,4,8,75,303,265,16,22,5.28,1.0,1.0,0.0,4.5,https://github.com/MisterBooo/LeetCodeAnimation,https://github.com/MisterBooo/LeetCodeAnimation.git,2018-12-06T08:01:22Z,
spring-projects/spring-boot,78387,12.92,320,7671,13103,51746,390791,778072,457268,204293,116511,26.26,5.4,1.29,12.92,5.13,https://github.com/spring-projects/spring-boot,https://github.com/spring-projects/spring-boot.git,2012-10-19T15:02:57Z,
Stirling-Tools/Stirling-PDF,67389,2.64,138,459,585,2495,35343,66211,50480,5491,10240,8.29,8.05,1.23,16.5,11.65,https://github.com/Stirling-Tools/Stirling-PDF,https://github.com/Stirling-Tools/Stirling-PDF.git,2023-01-27T18:22:42Z,
kdn251/interviews,64462,8.59,0,515,257,365,5622,22271,11560,6577,4134,29.53,1.3,1.01,0.29,5.95,https://github.com/kdn251/interviews,https://github.com/kdn251/interviews.git,2017-02-14T18:19:25Z,
TheAlgorithms/Java,63372,9.18,0,1309,1501,6648,57505,104557,66625,23870,14062,22.83,2.06,1.04,7.96,8.14,https://github.com/TheAlgorithms/Java,https://github.com/TheAlgorithms/Java.git,2016-07-16T10:21:02Z,
NationalSecurityAgency/ghidra,60521,6.55,46,14974,0,0,0,3049779,1949259,695239,405281,22.8,,,,,https://github.com/NationalSecurityAgency/ghidra,https://github.com/NationalSecurityAgency/ghidra.git,2019-03-01T03:27:48Z,ck_failed
elastic/elasticsearch,73794,15.61,206,24600,0,0,0,4719548,3665651,483426,570471,10.24,,,,,https://github.com/elastic/elasticsearch,https://github.com/elastic/elasticsearch.git,2010-02-08T13:20:56Z,ck_failed
spring-projects/spring-framework,58836,14.78,343,8979,18303,90264,751485,1459365,828037,407898,223430,27.95,5.24,1.46,29.56,7.44,https://github.com/spring-projects/spring-framework,https://github.com/spring-projects/spring-framework.git,2010-12-08T04:04:45Z,
google/guava,51111,11.31,56,3242,6421,29957,255875,796128,515170,191737,89221,24.08,4.07,1.81,47.93,6.75,https://github.com/google/guava,https://github.com/google/guava.git,2014-05-29T16:23:17Z,
skylot/jadx,45495,12.5,32,1759,2883,13415,128305,168440,137868,6466,24106,3.84,4.37,1.65,32.22,9.86,https://github.com/skylot/jadx,https://github.com/skylot/jadx.git,2013-03-18T17:08:21Z,
ReactiveX/RxJava,48334,12.69,241,1884,11867,34334,370515,474293,315635,80524,78134,16.98,2.5,1.32,47.46,4.08,https://github.com/ReactiveX/RxJava,https://github.com/ReactiveX/RxJava.git,2013-01-08T20:11:48Z,
termux/termux-app,45091,9.91,95,197,321,2298,24562,44908,26881,10645,7382,23.7,5.91,1.43,60.83,20.7,https://github.com/termux/termux-app,https://github.com/termux/termux-app.git,2015-10-23T09:42:46Z,
jeecgboot/JeecgBoot,43866,6.81,63,822,828,4538,46549,100509,58667,31065,10777,30.91,7.15,1.18,49.89,12.56,https://github.com/jeecgboot/JeecgBoot,https://github.com/jeecgboot/JeecgBoot.git,2018-11-26T10:40:00Z,
dbeaver/dbeaver,45412,9.91,231,5927,0,0,0,838881,595023,141504,102354,16.87,,,,,https://github.com/dbeaver/dbeaver,https://github.com/dbeaver/dbeaver.git,2015-10-21T08:26:28Z,ck_failed
apache/dubbo,41351,13.25,111,3990,4893,29943,250084,468644,303549,102603,62492,21.89,5.42,1.29,45.96,10.82,https://github.com/apache/dubbo,https://github.com/apache/dubbo.git,2012-06-19T07:56:02Z,
PhilJay/MPAndroidChart,38104,11.4,44,223,306,2377,21111,42872,25232,9014,8626,21.03,8.84,1.98,91.03,16.31,https://github.com/PhilJay/MPAndroidChart,https://github.com/PhilJay/MPAndroidChart.git,2014-04-25T14:29:47Z,
halo-dev/halo,36916,7.49,227,1170,1592,5533,52295,106760,82252,9951,14557,9.32,7.52,1.25,6.81,4.82,https://github.com/halo-dev/halo,https://github.com/halo-dev/halo.git,2018-03-21T12:56:52Z,
alibaba/arthas,36717,7.05,59,724,952,5665,47805,78416,53456,13201,11759,16.83,4.75,1.36,36.66,11.51,https://github.com/alibaba/arthas,https://github.com/alibaba/arthas.git,2018-08-29T17:15:57Z,
geekxh/hello-algorithm,35776,5.3,0,73,3,6,58,3167,1845,969,353,30.6,1.33,1.0,1.0,8.33,https://github.com/geekxh/hello-algorithm,https://github.com/geekxh/hello-algorithm.git,2020-05-29T05:47:09Z,
airbnb/lottie-android,35473,8.95,59,234,293,1781,17883,26977,19733,3714,3530,13.77,6.9,1.29,33.41,15.06,https://github.com/airbnb/lottie-android,https://github.com/airbnb/lottie-android.git,2016-10-06T22:42:42Z,
TeamNewPipe/NewPipe,35088,10.04,137,358,586,4167,41538,69816,50339,8747,10730,12.53,8.29,1.65,43.23,16.86,https://github.com/TeamNewPipe/NewPipe,https://github.com/TeamNewPipe/NewPipe.git,2015-09-03T23:39:26Z,
eugenp/tutorials,37256,12.39,0,22819,23672,78931,524475,1021156,774714,35094,211348,3.44,4.11,1.11,5.99,4.19,https://github.com/eugenp/tutorials,https://github.com/eugenp/tutorials.git,2013-04-29T18:26:36Z,
bumptech/glide,34949,12.2,54,696,1516,7649,60535,108173,80400,13937,13836,12.88,5.95,1.24,20.07,7.38,https://github.com/bumptech/glide,https://github.com/bumptech/glide.git,2013-07-08T22:52:33Z,
netty/netty,34435,14.86,0,3453,7911,42621,381815,605467,398800,133585,73082,22.06,4.39,1.53,67.03,9.04,https://github.com/netty/netty,https://github.com/netty/netty.git,2010-11-09T09:22:21Z,
doocs/leetcode,34944,7.0,21,4071,164,549,4455,108424,98096,6286,4042,5.8,2.61,1.01,0.41,7.05,https://github.com/doocs/leetcode,https://github.com/doocs/leetcode.git,2018-09-16T14:03:03Z,
xkcoding/spring-boot-demo,33910,7.85,0,484,481,1000,7155,22469,11960,7427,3082,33.05,5.04,1.13,2.33,2.77,https://github.com/xkcoding/spring-boot-demo,https://github.com/xkcoding/spring-boot-demo.git,2017-11-10T06:27:29Z,
Blankj/AndroidUtilCode,33646,9.13,117,275,670,4945,39995,64250,39217,18093,6940,28.16,4.16,1.36,144.95,13.8,https://github.com/Blankj/AndroidUtilCode,https://github.com/Blankj/AndroidUtilCode.git,2016-07-30T18:18:32Z,
alibaba/easyexcel,33625,7.61,14,533,560,2324,20545,43190,27621,10113,5456,23.42,6.57,1.38,32.02,7.67,https://github.com/alibaba/easyexcel,https://github.com/alibaba/easyexcel.git,2018-02-06T03:14:08Z,
zxing/zxing,33587,13.94,31,515,595,3264,40029,73551,47627,17682,8242,24.04,5.03,1.71,22.97,16.31,https://github.com/zxing/zxing,https://github.com/zxing/zxing.git,2011-10-12T14:07:27Z,
YunaiV/ruoyi-vue-pro,33236,4.65,46,3677,3748,11903,93443,270894,168660,61507,40727,22.71,7.86,1.22,16.29,4.83,https://github.com/YunaiV/ruoyi-vue-pro,https://github.com/YunaiV/ruoyi-vue-pro.git,2021-01-24T03:18:25Z,
SeleniumHQ/selenium,33209,12.68,108,1241,1869,10333,88479,174403,118058,29900,26445,17.14,5.88,1.38,32.73,8.28,https://github.com/SeleniumHQ/selenium,https://github.com/SeleniumHQ/selenium.git,2013-01-14T21:40:56Z,
alibaba/nacos,32054,7.26,85,3157,4008,22149,185300,383415,230250,97982,55183,25.56,5.66,1.29,23.14,8.26,https://github.com/alibaba/nacos,https://github.com/alibaba/nacos.git,2018-06-15T06:49:27Z,
binarywang/WxJava,31912,9.7,30,3618,5087,12443,112951,333015,165476,122938,44601,36.92,5.44,1.21,20.32,3.41,https://github.com/binarywang/WxJava,https://github.com/binarywang/WxJava.git,2016-01-06T08:24:05Z,
ityouknow/spring-boot-examples,30607,8.87,0,595,303,826,4171,19262,14581,572,4109,2.97,4.67,1.03,4.58,2.98,https://github.com/ityouknow/spring-boot-examples,https://github.com/ityouknow/spring-boot-examples.git,2016-11-05T05:32:33Z,
chinabugotech/hutool,30073,11.44,153,2215,2656,18027,131789,295456,148209,114306,32941,38.69,3.53,1.28,102.2,11.63,https://github.com/chinabugotech/hutool,https://github.com/chinabugotech/hutool.git,2014-04-13T07:23:51Z,
apache/kafka,30905,14.1,0,5581,8468,67024,674358,1324997,932333,222509,170155,16.79,7.78,1.43,63.06,13.07,https://github.com/apache/kafka,https://github.com/apache/kafka.git,2011-08-15T18:06:16Z,
apolloconfig/apollo,29656,9.54,41,637,737,4244,33499,70108,45792,13169,11147,18.78,7.15,1.26,14.99,8.41,https://github.com/apolloconfig/apollo,https://github.com/apolloconfig/apollo.git,2016-03-04T10:24:23Z,
alibaba/canal,29370,12.68,32,698,1049,8603,112590,124568,90290,19209,15069,15.42,5.83,1.38,77.36,18.1,https://github.com/alibaba/canal,https://github.com/alibaba/canal.git,2013-01-13T10:59:52Z,
xuxueli/xxl-job,29307,9.81,39,141,171,801,8854,15399,9478,3522,2399,22.87,4.78,1.13,20.43,11.85,https://github.com/xuxueli/xxl-job,https://github.com/xuxueli/xxl-job.git,2015-11-28T12:59:34Z,
conductor-oss/conductor,29118,1.78,26,677,837,7613,63543,123226,88282,17511,17433,14.21,7.77,1.27,91.43,14.31,https://github.com/conductor-oss/conductor,https://github.com/conductor-oss/conductor.git,2023-12-08T06:06:09Z,
wuyouzhuguli/SpringAll,28958,7.38,0,661,372,1056,5988,23996,18025,1481,4490,6.17,5.14,1.11,3.59,3.37,https://github.com/wuyouzhuguli/SpringAll,https://github.com/wuyouzhuguli/SpringAll.git,2018-05-02T02:48:44Z,
keycloak/keycloak,29599,12.21,88,6924,8674,62306,513567,964650,632598,173715,158337,18.01,6.91,1.55,73.37,11.66,https://github.com/keycloak/keycloak,https://github.com/keycloak/keycloak.git,2013-07-02T13:38:51Z,
alibaba/spring-cloud-alibaba,28762,7.79,48,456,596,2463,18932,43943,25369,11754,6820,26.75,5.81,1.11,29.63,6.76,https://github.com/alibaba/spring-cloud-alibaba,https://github.com/alibaba/spring-cloud-alibaba.git,2017-12-01T20:49:15Z,
lenve/vhr,27947,7.7,0,92,94,683,2971,5133,3732,387,1014,7.54,4.44,1.02,48.33,9.07,https://github.com/lenve/vhr,https://github.com/lenve/vhr.git,2018-01-04T08:57:51Z,
alibaba/druid,28193,13.88,51,5198,5839,35685,339825,570673,411926,68534,90213,12.01,5.08,1.94,230.3,13.09,https://github.com/alibaba/druid,https://github.com/alibaba/druid.git,2011-11-03T05:12:51Z,
crossoverJie/JCSprout,27068,7.75,0,109,162,376,4399,7058,4194,1425,1439,20.19,1.96,1.09,1.77,4.16,https://github.com/crossoverJie/JCSprout,https://github.com/crossoverJie/JCSprout.git,2017-12-17T09:06:50Z,
qiurunze123/miaosha,26511,7.01,0,277,286,1169,8581,15643,10590,2301,2752,14.71,4.15,1.13,14.3,5.89,https://github.com/qiurunze123/miaosha,https://github.com/qiurunze123/miaosha.git,2018-09-14T04:36:24Z,
ashishps1/awesome-system-design-resources,26000,1.9,0,11,11,37,336,461,370,13,78,2.82,0.82,1.0,0.0,6.36,https://github.com/ashishps1/awesome-system-design-resources,https://github.com/ashishps1/awesome-system-design-resources.git,2023-10-25T01:50:42Z,
apache/incubator-seata,25800,6.72,44,2441,3650,26777,234219,376172,242788,97939,35445,26.04,6.6,1.82,520.74,23.33,https://github.com/apache/incubator-seata,https://github.com/apache/incubator-seata.git,2018-12-28T08:37:22Z,
alibaba/fastjson,25749,13.88,84,3119,6327,21485,206496,253945,186854,14028,53063,5.52,1.85,1.5,126.12,5.4,https://github.com/alibaba/fastjson,https://github.com/alibaba/fastjson.git,2011-11-03T06:58:52Z,
JakeWharton/butterknife,25482,12.54,0,156,272,667,7712,16073,13316,691,2066,4.3,3.97,1.24,10.48,4.6,https://github.com/JakeWharton/butterknife,https://github.com/JakeWharton/butterknife.git,2013-03-05T08:18:59Z,
hollischuang/toBeTopJavaer,25466,6.9,0,0,0,0,0,0,0,0,0,,,,,,https://github.com/hollischuang/toBeTopJavaer,https://github.com/hollischuang/toBeTopJavaer.git,2018-10-25T09:54:54Z,no_java_files
DrKLO/Telegram,27538,11.9,95,2772,13606,74903,1708497,1585411,1331897,103455,150059,6.53,7.07,1.65,79.93,25.57,https://github.com/DrKLO/Telegram,https://github.com/DrKLO/Telegram.git,2013-10-25T14:08:10Z,
scwang90/SmartRefreshLayout,25154,8.3,14,160,341,1328,18146,26122,18540,4351,3231,16.66,6.65,1.51,30.32,10.48,https://github.com/scwang90/SmartRefreshLayout,https://github.com/scwang90/SmartRefreshLayout.git,2017-06-02T09:52:50Z,
proxyee-down-org/proxyee-down,24868,7.9,49,42,60,321,3392,4688,3910,276,502,5.89,5.52,1.47,19.52,11.55,https://github.com/proxyee-down-org/proxyee-down,https://github.com/proxyee-down-org/proxyee-down.git,2017-10-25T10:07:27Z,
apache/flink,25264,11.28,0,14089,24310,126392,1132205,2441299,1621740,483087,336472,19.79,7.15,1.62,34.93,8.4,https://github.com/apache/flink,https://github.com/apache/flink.git,2014-06-07T07:00:10Z,
Anuken/Mindustry,24813,8.39,168,805,0,0,0,166746,129590,8303,28853,4.98,,,,,https://github.com/Anuken/Mindustry,https://github.com/Anuken/Mindustry.git,2017-04-30T01:24:29Z,ck_failed
greenrobot/EventBus,24761,13.18,7,97,183,576,5269,7896,5038,1718,1140,21.76,3.43,1.84,9.05,5.09,https://github.com/greenrobot/EventBus,https://github.com/greenrobot/EventBus.git,2012-07-16T16:55:40Z,
bazelbuild/bazel,24562,11.27,212,1267,10639,67186,586757,243402,146252,61240,35910,25.16,7.51,1.62,68.01,10.64,https://github.com/bazelbuild/bazel,https://github.com/bazelbuild/bazel.git,2014-06-12T16:00:38Z,
OpenAPITools/openapi-generator,24831,7.35,73,12275,4233,27553,244821,1934992,1172316,464914,297762,24.03,4.92,1.25,80.62,12.26,https://github.com/OpenAPITools/openapi-generator,https://github.com/OpenAPITools/openapi-generator.git,2018-05-12T09:57:56Z,
apache/skywalking,24518,9.87,62,2130,2875,8443,93245,196453,129022,45490,21941,23.16,6.08,1.4,5.5,5.63,https://github.com/apache/skywalking,https://github.com/apache/skywalking.git,2015-11-07T03:30:36Z,
jenkinsci/jenkins,24433,14.82,443,1825,4089,19466,183935,321974,197185,85454,39335,26.54,6.19,1.93,46.18,8.05,https://github.com/jenkinsci/jenkins,https://github.com/jenkinsci/jenkins.git,2010-11-22T21:21:23Z,
yuliskov/SmartTube,24474,5.14,913,1614,3210,24035,238095,391411,260304,87495,43612,22.35,6.61,1.54,65.95,16.68,https://github.com/yuliskov/SmartTube,https://github.com/yuliskov/SmartTube.git,2020-07-28T12:53:52Z,
Netflix/Hystrix,24400,12.83,79,411,2005,5833,62010,78643,50508,17127,11008,21.78,3.35,1.57,20.25,4.2,https://github.com/Netflix/Hystrix,https://github.com/Netflix/Hystrix.git,2012-11-19T20:14:46Z,
CodePhiliaX/Chat2DB,24252,2.24,43,1014,1045,3627,35180,83717,52590,19308,11819,23.06,6.11,1.26,16.49,7.31,https://github.com/CodePhiliaX/Chat2DB,https://github.com/CodePhiliaX/Chat2DB.git,2023-06-20T14:05:26Z,
google/gson,24043,10.5,12,258,1076,3268,34449,53964,35893,11794,6277,21.86,3.02,1.28,20.6,4.82,https://github.com/google/gson,https://github.com/google/gson.git,2015-03-19T18:21:20Z,
redisson/redisson,24031,11.68,173,2977,2844,24329,166169,516832,332415,105255,79162,20.37,5.82,1.34,175.56,12.46,https://github.com/redisson/redisson,https://github.com/redisson/redisson.git,2014-01-11T14:06:25Z,
libgdx/libgdx,24343,13.11,14,2430,3970,47196,285626,442924,297954,72089,72881,16.28,5.23,1.82,3543.59,19.49,https://github.com/libgdx/libgdx,https://github.com/libgdx/libgdx.git,2012-08-10T19:34:38Z,
doocs/source-code-hunter,22959,5.89,0,1,1,1,5,8,5,3,0,37.5,0.0,1.0,0.0,1.0,https://github.com/doocs/source-code-hunter,https://github.com/doocs/source-code-hunter.git,2019-10-28T01:35:10Z,
iBotPeaches/Apktool,22905,13.5,26,164,182,1201,12392,19833,13857,3338,2638,16.83,5.91,1.92,51.0,16.74,https://github.com/iBotPeaches/Apktool,https://github.com/iBotPeaches/Apktool.git,2012-03-19T17:46:53Z,
EnterpriseQualityCoding/FizzBuzzEnterpriseEdition,22781,12.82,0,89,91,146,894,2621,1386,739,496,28.2,2.9,1.0,0.23,1.87,https://github.com/EnterpriseQualityCoding/FizzBuzzEnterpriseEdition,https://github.com/EnterpriseQualityCoding/FizzBuzzEnterpriseEdition.git,2012-11-24T00:14:41Z,
alibaba/Sentinel,22902,7.46,25,1209,1498,6487,54999,111268,65629,31145,14494,27.99,4.44,1.18,12.55,7.66,https://github.com/alibaba/Sentinel,https://github.com/alibaba/Sentinel.git,2018-04-04T06:37:33Z,
apache/rocketmq,22094,8.8,22,2107,2860,21886,215148,340930,248140,46636,46154,13.68,6.85,1.33,121.77,14.81,https://github.com/apache/rocketmq,https://github.com/apache/rocketmq.git,2016-11-30T08:00:08Z,
dataease/dataease,21868,4.62,98,1000,1099,3850,42741,72015,54676,6237,11102,8.66,4.96,1.21,27.77,8.63,https://github.com/dataease/dataease,https://github.com/dataease/dataease.git,2021-02-02T04:10:21Z,
google/ExoPlayer,21879,11.27,28,1638,3281,23720,262348,479128,328827,104584,45717,21.83,7.54,1.29,52.22,15.42,https://github.com/google/ExoPlayer,https://github.com/google/ExoPlayer.git,2014-06-13T21:19:18Z,
elunez/eladmin,21789,6.76,1,274,282,963,8063,23218,12709,8178,2331,35.22,8.01,1.16,6.2,6.21,https://github.com/elunez/eladmin,https://github.com/elunez/eladmin.git,2018-12-14T08:54:24Z,
LSPosed/LSPosed,21562,4.76,39,230,427,2049,22952,30084,21730,4743,3611,15.77,5.52,1.65,48.11,11.1,https://github.com/LSPosed/LSPosed,https://github.com/LSPosed/LSPosed.git,2020-12-12T08:39:37Z,
kestra-io/kestra,21165,6.07,311,1652,1918,7550,66320,157833,124827,8532,24474,5.41,8.24,1.43,14.95,6.77,https://github.com/kestra-io/kestra,https://github.com/kestra-io/kestra.git,2019-08-24T13:56:15Z,
CarGuo/GSYVideoPlayer,21097,8.84,53,278,636,3787,31928,48236,33102,7068,8066,14.65,5.49,1.58,55.36,11.31,https://github.com/CarGuo/GSYVideoPlayer,https://github.com/CarGuo/GSYVideoPlayer.git,2016-11-13T12:34:31Z,
oracle/graal,21086,9.68,32,14368,0,0,0,2862998,1830400,704392,328206,24.6,,,,,https://github.com/oracle/graal,https://github.com/oracle/graal.git,2016-01-14T17:11:35Z,ck_failed
brettwooldridge/HikariCP,20712,11.95,0,113,185,1409,11464,21451,14418,4042,2991,18.84,4.38,1.29,172.67,12.75,https://github.com/brettwooldridge/HikariCP,https://github.com/brettwooldridge/HikariCP.git,2013-10-08T05:43:03Z,
kunal-kushwaha/DSA-Bootcamp-Java,20651,4.13,0,256,253,721,6598,10287,7537,853,1897,8.29,1.29,1.08,3.5,6.34,https://github.com/kunal-kushwaha/DSA-Bootcamp-Java,https://github.com/kunal-kushwaha/DSA-Bootcamp-Java.git,2021-07-30T12:23:25Z,
apache/shardingsphere,20448,9.67,58,7645,7843,28085,201366,550108,315625,164487,69996,29.9,6.96,1.4,28.32,5.55,https://github.com/apache/shardingsphere,https://github.com/apache/shardingsphere.git,2016-01-18T12:49:26Z,
openjdk/jdk,21704,7.0,0,51282,0,0,0,9870157,5566691,3228750,1074716,32.71,,,,,https://github.com/openjdk/jdk,https://github.com/openjdk/jdk.git,2018-09-17T12:29:20Z,ck_failed
didi/DoKit,20388,7.1,14,732,1569,8866,80596,121078,77651,28170,15257,23.27,4.5,1.32,71.77,11.15,https://github.com/didi/DoKit,https://github.com/didi/DoKit.git,2018-08-14T10:32:07Z,
mybatis/mybatis-3,20228,12.59,46,1390,1744,8728,60434,114433,70703,28227,15503,24.67,3.58,1.22,20.95,6.75,https://github.com/mybatis/mybatis-3,https://github.com/mybatis/mybatis-3.git,2013-02-14T19:03:32Z,
ReactiveX/RxAndroid,20076,11.08,20,12,55,149,1452,1863,1334,240,289,12.88,2.27,1.13,3.09,3.55,https://github.com/ReactiveX/RxAndroid,https://github.com/ReactiveX/RxAndroid.git,2014-08-19T03:46:38Z,
linlinjava/litemall,19921,7.49,8,333,617,11848,90884,116435,60606,40871,14958,35.1,4.62,1.13,1532.88,23.7,https://github.com/linlinjava/litemall,https://github.com/linlinjava/litemall.git,2018-03-22T16:42:30Z,
yudaocode/SpringBoot-Labs,19858,7.01,0,2080,1451,2946,17375,64114,42528,8372,13214,13.06,4.29,1.05,1.39,2.27,https://github.com/yudaocode/SpringBoot-Labs,https://github.com/yudaocode/SpringBoot-Labs.git,2018-09-12T14:51:46Z,
xiaojieonly/Ehviewer_CN_SXJ,19712,4.85,107,514,910,6647,74646,102936,74221,14341,14374,13.93,6.79,1.74,68.42,17.2,https://github.com/xiaojieonly/Ehviewer_CN_SXJ,https://github.com/xiaojieonly/Ehviewer_CN_SXJ.git,2020-11-09T06:14:31Z,
thingsboard/thingsboard,19706,8.8,70,4302,0,0,0,487836,352082,72785,62969,14.92,,,,,https://github.com/thingsboard/thingsboard,https://github.com/thingsboard/thingsboard.git,2016-12-01T09:33:30Z,ck_failed
Baseflow/PhotoView,18870,13.17,5,25,45,187,1792,2323,1610,360,353,15.5,4.73,1.36,24.6,7.91,https://github.com/Baseflow/PhotoView,https://github.com/Baseflow/PhotoView.git,2012-07-17T16:39:00Z,
dianping/cat,18935,12.79,3,1333,1890,9702,97667,150709,100068,22451,28190,14.9,5.49,1.42,23.07,9.9,https://github.com/dianping/cat,https://github.com/dianping/cat.git,2012-12-05T02:31:48Z,
antlr/antlr4,18342,15.62,31,513,662,4502,41027,74678,49140,16297,9241,21.82,5.81,1.81,48.3,14.39,https://github.com/antlr/antlr4,https://github.com/antlr/antlr4.git,2010-02-04T01:36:28Z,
williamfiset/Algorithms,18220,8.5,0,316,463,2882,32495,48259,30722,9028,8509,18.71,2.61,1.05,16.2,15.44,https://github.com/williamfiset/Algorithms,https://github.com/williamfiset/Algorithms.git,2017-03-18T02:50:46Z,
Tencent/APIJSON,18193,8.82,110,68,70,1561,13844,23056,14864,4938,3254,21.42,5.89,1.24,1165.57,69.9,https://github.com/Tencent/APIJSON,https://github.com/Tencent/APIJSON.git,2016-11-21T12:03:29Z,
dromara/Sa-Token,18161,5.62,38,949,764,4686,27994,91035,40974,37600,12461,41.3,4.74,1.27,60.19,8.96,https://github.com/dromara/Sa-Token,https://github.com/dromara/Sa-Token.git,2020-02-03T10:34:29Z,
LMAX-Exchange/disruptor,17983,12.99,14,240,410,1668,13167,28421,17807,7078,3536,24.9,4.48,1.29,25.88,5.62,https://github.com/LMAX-Exchange/disruptor,https://github.com/LMAX-Exchange/disruptor.git,2012-09-21T13:42:24Z,
forezp/SpringCloudLearning,17973,8.45,0,349,143,209,1142,9946,6820,1356,1770,13.63,4.59,1.05,0.59,1.66,https://github.com/forezp/SpringCloudLearning,https://github.com/forezp/SpringCloudLearning.git,2017-04-08T10:06:56Z,
ashishps1/awesome-low-level-design,17963,1.83,0,787,792,2399,14584,20827,16366,737,3724,3.54,2.64,1.14,3.05,3.93,https://github.com/ashishps1/awesome-low-level-design,https://github.com/ashishps1/awesome-low-level-design.git,2023-11-17T10:15:12Z,
YunaiV/yudao-cloud,17855,6.38,32,3738,3792,11767,91701,266575,167178,58826,40571,22.07,7.85,1.21,16.08,4.75,https://github.com/YunaiV/yudao-cloud,https://github.com/YunaiV/yudao-cloud.git,2019-05-02T16:06:49Z,
Tencent/tinker,17549,9.03,60,240,520,2843,40448,43799,30406,8415,4978,19.21,4.79,1.6,28.47,17.17,https://github.com/Tencent/tinker,https://github.com/Tencent/tinker.git,2016-09-06T06:57:52Z,
openzipkin/zipkin,17307,13.28,97,439,0,0,0,59619,44185,6475,8959,10.86,,,,,https://github.com/openzipkin/zipkin,https://github.com/openzipkin/zipkin.git,2012-06-06T18:26:16Z,ck_failed
infinilabs/analysis-ik,17216,13.76,1,33,38,266,2571,4779,2701,1424,654,29.8,4.82,1.37,15.42,18.32,https://github.com/infinilabs/analysis-ik,https://github.com/infinilabs/analysis-ik.git,2011-12-16T09:01:45Z,
justauth/JustAuth,17190,6.63,46,147,198,900,6054,14631,9649,3335,1647,22.79,5.51,1.34,12.98,6.15,https://github.com/justauth/JustAuth,https://github.com/justauth/JustAuth.git,2019-01-31T09:42:20Z,
facebook/fresco,17136,10.55,55,616,1055,6182,50422,87500,61061,15329,11110,17.52,6.62,1.42,28.76,9.16,https://github.com/facebook/fresco,https://github.com/facebook/fresco.git,2015-03-02T09:58:04Z,
baomidou/mybatis-plus,17105,9.08,38,923,1043,4693,39106,94454,56237,27204,11013,28.8,5.75,1.33,25.05,7.47,https://github.com/baomidou/mybatis-plus,https://github.com/baomidou/mybatis-plus.git,2016-08-18T10:06:53Z,
ben-manes/caffeine,17036,10.77,71,629,1336,8836,85095,127986,92276,20536,15174,16.05,4.89,1.58,163.17,11.09,https://github.com/ben-manes/caffeine,https://github.com/ben-manes/caffeine.git,2014-12-13T08:45:11Z,
material-components/material-components-android,16952,8.78,112,939,2058,13651,113407,207791,137512,44557,25722,21.44,7.12,1.53,91.61,11.65,https://github.com/material-components/material-components-android,https://github.com/material-components/material-components-android.git,2016-12-05T16:11:29Z,
nostra13/Android-Universal-Image-Loader,16929,13.81,0,88,140,817,7434,13900,7237,5246,1417,37.74,4.86,1.59,28.84,10.97,https://github.com/nostra13/Android-Universal-Image-Loader,https://github.com/nostra13/Android-Universal-Image-Loader.git,2011-11-27T18:48:23Z,
alibaba/DataX,16805,7.67,7,864,1222,5828,81194,102183,77496,9581,15106,9.38,4.46,1.7,22.65,12.67,https://github.com/alibaba/DataX,https://github.com/alibaba/DataX.git,2018-01-18T10:09:47Z,
winterbe/java8-tutorial,16778,11.51,0,68,88,216,2081,3673,2533,335,805,9.12,1.03,1.0,3.91,3.1,https://github.com/winterbe/java8-tutorial,https://github.com/winterbe/java8-tutorial.git,2014-03-16T17:25:43Z,
shuzheng/zheng,16729,8.96,0,379,509,5630,41742,41624,30361,3447,7816,8.28,4.53,1.41,340.86,13.68,https://github.com/shuzheng/zheng,https://github.com/shuzheng/zheng.git,2016-10-04T10:07:06Z,
Grasscutters/Grasscutter,16665,3.42,20,5386,0,0,0,3259892,2536227,474791,248874,14.56,,,,,https://github.com/Grasscutters/Grasscutter,https://github.com/Grasscutters/Grasscutter.git,2022-04-17T12:43:46Z,ck_failed
heibaiying/BigData-Notes,16647,6.53,0,69,77,221,2124,4296,2863,675,758,15.71,5.71,1.22,0.82,4.94,https://github.com/heibaiying/BigData-Notes,https://github.com/heibaiying/BigData-Notes.git,2019-03-10T01:40:01Z,
JeffLi1993/springboot-learning-example,16556,8.61,0,201,114,359,1631,8125,4741,1800,1584,22.15,4.71,1.04,2.49,3.26,https://github.com/JeffLi1993/springboot-learning-example,https://github.com/JeffLi1993/springboot-learning-example.git,2017-02-06T07:02:25Z,
gyoogle/tech-interview-for-developer,16530,6.28,0,10,13,36,609,748,547,52,149,6.95,1.31,1.0,0.92,8.62,https://github.com/gyoogle/tech-interview-for-developer,https://github.com/gyoogle/tech-interview-for-developer.git,2019-06-09T04:42:57Z,
prestodb/presto,16499,13.11,12,9078,12349,87965,752200,1500081,1160880,163214,175987,10.88,8.75,1.38,77.66,12.01,https://github.com/prestodb/presto,https://github.com/prestodb/presto.git,2012-08-09T01:03:37Z,
JetBrains/intellij-community,18781,13.97,4,87550,0,0,0,6245450,4868157,483882,893411,7.75,,,,,https://github.com/JetBrains/intellij-community,https://github.com/JetBrains/intellij-community.git,2011-09-30T13:33:05Z,ck_failed
questdb/questdb,16121,11.39,93,4225,0,0,0,1084533,818651,145879,120003,13.45,,,,,https://github.com/questdb/questdb,https://github.com/questdb/questdb.git,2014-04-28T23:29:15Z,ck_failed
android-hacker/VirtualXposed,15829,7.8,50,548,1453,3846,47736,58054,44613,5156,8285,8.88,3.86,2.79,14.7,6.06,https://github.com/android-hacker/VirtualXposed,https://github.com/android-hacker/VirtualXposed.git,2017-12-01T09:00:58Z,
dyc87112/SpringBoot-Learning,15787,9.08,0,372,269,494,2813,11191,7598,1055,2538,9.43,4.47,1.03,1.43,1.89,https://github.com/dyc87112/SpringBoot-Learning,https://github.com/dyc87112/SpringBoot-Learning.git,2016-08-21T03:39:06Z,
android10/Android-CleanArchitecture,15564,11.08,0,81,105,388,2260,5207,2777,1714,716,32.92,5.14,1.43,6.72,4.4,https://github.com/android10/Android-CleanArchitecture,https://github.com/android10/Android-CleanArchitecture.git,2014-08-19T14:09:26Z,
mockito/mockito,15275,12.93,222,989,2100,6897,52190,98291,62976,21003,14312,21.37,3.34,1.4,18.33,4.46,https://github.com/mockito/mockito,https://github.com/mockito/mockito.git,2012-10-13T20:27:12Z,
Konloch/bytecode-viewer,15213,10.93,61,306,414,1747,21761,44802,29878,9080,5844,20.27,4.73,2.05,13.69,12.14,https://github.com/Konloch/bytecode-viewer,https://github.com/Konloch/bytecode-viewer.git,2014-10-14T10:26:46Z,
apache/hadoop,15262,11.06,0,12502,22138,155402,1682974,2973495,1984887,649123,339485,21.83,7.42,1.62,69.76,12.93,https://github.com/apache/hadoop,https://github.com/apache/hadoop.git,2014-08-28T07:00:08Z,
neo4j/neo4j,15070,12.85,72,7964,0,0,0,1384669,987587,243806,153276,17.61,,,,,https://github.com/neo4j/neo4j,https://github.com/neo4j/neo4j.git,2012-11-12T08:46:15Z,ck_failed
zhisheng17/flink-learning,14928,6.71,0,391,592,1366,14454,28750,18747,5794,4209,20.15,4.28,1.13,3.3,4.07,https://github.com/zhisheng17/flink-learning,https://github.com/zhisheng17/flink-learning.git,2019-01-01T07:38:28Z,
apache/pulsar,14848,9.22,112,4403,7401,42977,520903,920833,652923,160445,107465,17.42,6.9,1.68,84.94,11.62,https://github.com/apache/pulsar,https://github.com/apache/pulsar.git,2016-06-28T07:00:03Z,
java-decompiler/jd-gui,14741,10.49,18,222,407,1605,19309,22444,15869,2640,3935,11.76,4.54,2.42,11.12,8.9,https://github.com/java-decompiler/jd-gui,https://github.com/java-decompiler/jd-gui.git,2015-03-25T05:28:41Z,
elastic/logstash,14633,14.84,206,570,854,4828,40167,71126,45171,15114,10841,21.25,5.4,1.64,21.13,8.57,https://github.com/elastic/logstash,https://github.com/elastic/logstash.git,2010-11-18T01:31:50Z,
eclipse-vertx/vert.x,14567,14.26,0,1023,1763,15715,150553,210091,152890,34635,22566,16.49,6.4,1.56,177.4,14.3,https://github.com/eclipse-vertx/vert.x,https://github.com/eclipse-vertx/vert.x.git,2011-06-17T14:54:55Z,
hdodenhof/CircleImageView,14533,11.67,0,2,3,39,360,526,397,22,107,4.18,11.0,2.33,178.67,25.0,https://github.com/hdodenhof/CircleImageView,https://github.com/hdodenhof/CircleImageView.git,2014-01-17T16:44:46Z,
quarkusio/quarkus,14966,7.2,415,20021,31194,107630,900561,1580025,1174825,149680,255520,9.47,5.13,1.22,55.45,5.56,https://github.com/quarkusio/quarkus,https://github.com/quarkusio/quarkus.git,2018-07-06T00:44:20Z,
supertokens/supertokens-core,14515,5.7,91,730,974,6245,107469,188064,141692,15441,30931,8.21,11.04,1.6,71.14,17.31,https://github.com/supertokens/supertokens-core,https://github.com/supertokens/supertokens-core.git,2020-01-05T13:30:52Z,
Tencent/QMUI_Android,14514,8.41,35,376,1066,5415,58309,76685,56871,10302,9512,13.43,5.47,1.63,35.34,10.6,https://github.com/Tencent/QMUI_Android,https://github.com/Tencent/QMUI_Android.git,2017-04-21T10:03:18Z,
alibaba/ARouter,14491,8.76,16,81,98,373,3165,6226,3884,1468,874,23.58,3.7,1.41,17.45,7.66,https://github.com/alibaba/ARouter,https://github.com/alibaba/ARouter.git,2016-12-14T01:27:49Z,
arduino/Arduino,14422,15.01,37,276,450,2365,25793,44087,26959,10395,6733,23.58,4.13,1.77,32.72,12.22,https://github.com/arduino/Arduino,https://github.com/arduino/Arduino.git,2010-09-17T19:10:36Z,
theonedev/onedev,14257,6.87,430,3457,8210,28279,329841,408054,327181,13483,67390,3.3,5.83,1.4,26.03,6.72,https://github.com/theonedev/onedev,https://github.com/theonedev/onedev.git,2018-11-06T02:57:01Z,
zaproxy/zaproxy,14101,10.29,16,1402,2523,19882,183106,330560,210894,81975,37691,24.8,4.63,1.87,69.65,14.87,https://github.com/zaproxy/zaproxy,https://github.com/zaproxy/zaproxy.git,2015-06-03T16:55:01Z,
apache/doris,14273,8.1,74,5985,8329,58907,603706,1055260,758526,174818,121916,16.57,8.45,1.72,118.64,15.95,https://github.com/apache/doris,https://github.com/apache/doris.git,2017-08-10T12:13:30Z,
GoogleContainerTools/jib,14020,7.65,168,600,703,4249,35256,85936,56420,18969,10547,22.07,6.88,1.22,17.1,8.81,https://github.com/GoogleContainerTools/jib,https://github.com/GoogleContainerTools/jib.git,2018-01-22T18:30:43Z,
Netflix/zuul,13891,12.52,28,366,501,2603,21592,42965,28079,9156,5730,21.31,6.51,1.61,24.89,8.28,https://github.com/Netflix/zuul,https://github.com/Netflix/zuul.git,2013-03-13T18:53:57Z,
orhanobut/logger,13887,10.5,16,14,18,104,827,1315,814,271,230,20.61,5.83,1.17,14.94,10.06,https://github.com/orhanobut/logger,https://github.com/orhanobut/logger.git,2015-03-20T22:30:12Z,
apache/dolphinscheduler,13830,6.55,53,2537,2767,11481,97397,251634,150330,63802,37502,25.36,6.53,1.38,11.46,6.51,https://github.com/apache/dolphinscheduler,https://github.com/apache/dolphinscheduler.git,2019-03-01T16:39:25Z,
deeplearning4j/deeplearning4j,14098,11.81,0,4244,5627,98122,554023,1068363,703285,203643,161435,19.06,8.54,2.23,55203.28,25.77,https://github.com/deeplearning4j/deeplearning4j,https://github.com/deeplearning4j/deeplearning4j.git,2013-11-27T02:03:28Z,
seaswalker/spring-analysis,13726,9.02,0,32,33,79,378,856,550,130,176,15.19,2.42,1.24,1.79,2.67,https://github.com/seaswalker/spring-analysis,https://github.com/seaswalker/spring-analysis.git,2016-09-09T07:46:32Z,
apache/druid,13826,12.9,68,8895,14887,83214,764067,1748422,1297324,260860,190238,14.92,7.85,1.37,62.11,9.16,https://github.com/apache/druid,https://github.com/apache/druid.git,2012-10-23T19:08:07Z,
DuGuQiuBai/Java,13707,9.82,0,596,621,1039,10966,27928,14630,9439,3859,33.8,0.76,1.17,1.1,3.05,https://github.com/DuGuQiuBai/Java,https://github.com/DuGuQiuBai/Java.git,2015-11-25T07:30:08Z,
sqshq/piggymetrics,13697,10.47,2,97,99,304,1881,4483,3291,178,1014,3.97,6.04,1.06,3.83,3.42,https://github.com/sqshq/piggymetrics,https://github.com/sqshq/piggymetrics.git,2015-03-29T17:56:31Z,
JessYanCoding/AndroidAutoSize,13694,7.09,14,45,49,258,1720,4586,2071,2058,457,44.88,5.41,1.41,31.29,8.84,https://github.com/JessYanCoding/AndroidAutoSize,https://github.com/JessYanCoding/AndroidAutoSize.git,2018-08-17T09:04:19Z,
Curzibn/Luban,13675,9.15,6,16,29,109,1088,1475,1017,231,227,15.66,2.97,1.17,10.86,7.79,https://github.com/Curzibn/Luban,https://github.com/Curzibn/Luban.git,2016-07-24T07:43:21Z,
lgvalle/Material-Animations,13657,10.53,0,15,45,122,1010,1241,992,54,195,4.35,4.4,1.47,4.76,3.11,https://github.com/lgvalle/Material-Animations,https://github.com/lgvalle/Material-Animations.git,2015-03-08T20:54:00Z,
cryptomator/cryptomator,13629,11.63,193,387,443,2364,17289,29681,23377,1451,4853,4.89,8.32,1.43,18.51,7.48,https://github.com/cryptomator/cryptomator,https://github.com/cryptomator/cryptomator.git,2014-02-02T00:43:47Z,
pinpoint-apm/pinpoint,13712,10.92,61,7232,9018,36098,283990,547923,340075,117816,90032,21.5,5.19,1.14,11.44,6.11,https://github.com/pinpoint-apm/pinpoint,https://github.com/pinpoint-apm/pinpoint.git,2014-10-20T09:27:22Z,
janishar/mit-deep-learning-book-pdf,13588,8.45,3,1,1,0,2,3,2,0,1,0.0,0.0,1.0,0.0,0.0,https://github.com/janishar/mit-deep-learning-book-pdf,https://github.com/janishar/mit-deep-learning-book-pdf.git,2017-04-07T10:46:50Z,
tink-crypto/tink,13554,11.28,21,962,1465,9021,82161,195869,145020,31353,19496,16.01,7.44,1.29,30.08,9.42,https://github.com/tink-crypto/tink,https://github.com/tink-crypto/tink.git,2014-06-06T16:21:09Z,
languagetool-org/languagetool,13573,12.11,0,2032,2607,15971,213198,311904,213458,66276,32170,21.25,5.34,1.59,55.21,16.31,https://github.com/languagetool-org/languagetool,https://github.com/languagetool-org/languagetool.git,2013-08-08T16:37:22Z,
LuckSiege/PictureSelector,13542,8.7,116,338,737,3948,39103,54595,37051,10930,6614,20.02,5.16,1.24,49.45,11.44,https://github.com/LuckSiege/PictureSelector,https://github.com/LuckSiege/PictureSelector.git,2017-01-04T07:47:39Z,
Bigkoo/Android-PickerView,13479,10.73,0,40,91,393,4421,6144,4287,978,879,15.92,3.73,1.15,15.49,9.96,https://github.com/Bigkoo/Android-PickerView,https://github.com/Bigkoo/Android-PickerView.git,2014-12-28T01:46:38Z,
projectlombok/lombok,13274,16.28,0,1873,0,0,0,128409,98894,18591,10924,14.48,,,,,https://github.com/projectlombok/lombok,https://github.com/projectlombok/lombok.git,2009-06-08T19:46:41Z,ck_failed
macrozheng/mall-learning,13254,6.43,0,623,245,2183,14269,52993,37455,6476,9062,12.22,4.85,1.11,233.02,9.69,https://github.com/macrozheng/mall-learning,https://github.com/macrozheng/mall-learning.git,2019-04-12T13:20:31Z,
ashishps1/awesome-leetcode-resources,13104,1.9,0,8,11,28,360,536,371,69,96,12.87,1.18,1.0,4.73,8.0,https://github.com/ashishps1/awesome-leetcode-resources,https://github.com/ashishps1/awesome-leetcode-resources.git,2023-10-25T01:48:19Z,
youth5201314/banner,13033,9.41,0,56,73,327,2724,4441,3186,564,691,12.7,6.08,1.84,47.68,7.74,https://github.com/youth5201314/banner,https://github.com/youth5201314/banner.git,2016-04-22T05:50:25Z,
kekingcn/kkFileView,13319,7.76,16,77,82,629,9418,12603,10221,1295,1087,10.28,6.94,1.05,167.28,17.66,https://github.com/kekingcn/kkFileView,https://github.com/kekingcn/kkFileView.git,2017-12-12T11:41:08Z,
pxb1988/dex2jar,12905,10.51,8,318,571,2483,41715,47865,36698,6301,4866,13.16,5.43,1.57,21.13,15.78,https://github.com/pxb1988/dex2jar,https://github.com/pxb1988/dex2jar.git,2015-03-16T09:13:07Z,
Netflix/conductor,12775,8.78,319,516,664,5838,47052,90958,64446,13547,12965,14.89,7.46,1.25,78.67,13.09,https://github.com/Netflix/conductor,https://github.com/Netflix/conductor.git,2016-12-07T22:48:42Z,
facebook/stetho,12708,10.65,13,258,588,1868,19241,26423,18456,3889,4078,14.72,4.38,1.42,7.5,5.62,https://github.com/facebook/stetho,https://github.com/facebook/stetho.git,2015-01-22T22:34:10Z,
google/guice,12677,11.31,19,631,3880,8418,84679,114561,78588,21471,14502,18.74,3.81,1.3,8.45,3.08,https://github.com/google/guice,https://github.com/google/guice.git,2014-05-28T23:18:53Z,
codecentric/spring-boot-admin,12687,11.15,137,361,464,1797,13740,34435,21333,7065,6037,20.52,7.76,1.26,7.21,4.81,https://github.com/codecentric/spring-boot-admin,https://github.com/codecentric/spring-boot-admin.git,2014-07-25T11:39:13Z,
alibaba/COLA,12655,7.61,11,546,559,1560,9619,20766,14030,2980,3756,14.35,4.33,1.35,4.97,3.6,https://github.com/alibaba/COLA,https://github.com/alibaba/COLA.git,2018-02-06T13:46:27Z,
greenrobot/greenDAO,12625,13.91,8,241,364,2511,18545,27870,18915,4604,4351,16.52,5.02,2.1,47.45,10.82,https://github.com/greenrobot/greenDAO,https://github.com/greenrobot/greenDAO.git,2011-10-22T16:15:14Z,
Netflix/eureka,12623,13.15,151,408,742,3547,32879,53818,35805,10540,7473,19.58,5.92,1.27,18.57,8.42,https://github.com/Netflix/eureka,https://github.com/Netflix/eureka.git,2012-07-26T22:23:07Z,
macrozheng/mall-swarm,12608,5.81,3,533,763,14486,101601,87889,66247,4352,17290,4.95,3.79,1.23,1107.68,20.34,https://github.com/macrozheng/mall-swarm,https://github.com/macrozheng/mall-swarm.git,2019-11-25T06:55:31Z,
zhihu/Matisse,12565,8.43,15,48,76,386,3418,6078,4163,1130,785,18.59,6.66,1.39,8.08,9.91,https://github.com/zhihu/Matisse,https://github.com/zhihu/Matisse.git,2017-04-13T01:31:05Z,
daimajia/AndroidViewAnimations,12471,11.24,9,69,82,138,965,3377,1521,1464,392,43.35,3.38,1.8,2.29,1.85,https://github.com/daimajia/AndroidViewAnimations,https://github.com/daimajia/AndroidViewAnimations.git,2014-06-23T03:53:13Z,
apache/zookeeper,12598,16.48,0,958,1753,10135,122448,191704,125311,42161,24232,21.99,5.8,1.98,36.86,11.97,https://github.com/apache/zookeeper,https://github.com/apache/zookeeper.git,2009-03-27T15:41:56Z,
daimajia/AndroidSwipeLayout,12408,11.07,18,22,74,318,2770,3384,2667,209,508,6.18,3.72,1.32,58.91,9.76,https://github.com/daimajia/AndroidSwipeLayout,https://github.com/daimajia/AndroidSwipeLayout.git,2014-08-25T04:09:33Z,
pagehelper/Mybatis-PageHelper,12338,11.28,15,161,181,734,7390,16188,8590,5907,1691,36.49,5.81,1.44,29.64,6.97,https://github.com/pagehelper/Mybatis-PageHelper,https://github.com/pagehelper/Mybatis-PageHelper.git,2014-06-09T15:32:30Z,
redis/jedis,12154,15.27,114,844,1221,15142,109769,187506,127779,21940,37787,11.7,5.57,1.42,530.37,15.3,https://github.com/redis/jedis,https://github.com/redis/jedis.git,2010-06-11T13:04:43Z,
amitshekhariitbhu/android-interview-questions,12077,8.19,0,1,1,1,5,6,5,0,1,0.0,0.0,1.0,0.0,1.0,https://github.com/amitshekhariitbhu/android-interview-questions,https://github.com/amitshekhariitbhu/android-interview-questions.git,2017-07-09T18:47:24Z,
metersphere/metersphere,12466,5.62,212,2706,3704,34803,322032,372898,287504,26977,58417,7.23,6.69,1.3,445.99,12.69,https://github.com/metersphere/metersphere,https://github.com/metersphere/metersphere.git,2020-02-03T02:06:12Z,
Yalantis/uCrop,12042,9.7,20,35,77,485,4707,7003,4849,992,1162,14.17,6.34,1.36,28.91,12.7,https://github.com/Yalantis/uCrop,https://github.com/Yalantis/uCrop.git,2016-01-05T13:41:06Z,
plantuml/plantuml,12072,14.87,60,3439,3936,22213,186968,452986,234003,160057,58926,35.33,7.11,1.54,36.5,12.05,https://github.com/plantuml/plantuml,https://github.com/plantuml/plantuml.git,2010-11-04T15:55:50Z,
Tencent/matrix,11901,6.77,16,493,1393,5572,79032,89453,66587,10692,12174,11.95,5.82,1.35,12.89,9.44,https://github.com/Tencent/matrix,https://github.com/Tencent/matrix.git,2018-12-11T07:08:02Z,
Tencent/VasSonic,11871,8.13,10,47,111,565,7421,11784,7048,3078,1658,26.12,4.2,1.28,21.61,13.68,https://github.com/Tencent/VasSonic,https://github.com/Tencent/VasSonic.git,2017-08-01T08:35:13Z,
Team-xManager/xManager,11857,4.6,51,8,524,696,21822,11649,11024,1,624,0.01,2.02,1.02,4.73,2.34,https://github.com/Team-xManager/xManager,https://github.com/Team-xManager/xManager.git,2021-02-08T11:31:10Z,
grpc/grpc-java,11841,10.78,180,1562,5494,23223,257821,388206,281210,63760,43236,16.42,5.7,1.41,13.48,6.57,https://github.com/grpc/grpc-java,https://github.com/grpc/grpc-java.git,2014-12-08T19:00:00Z,
debezium/debezium,11840,9.65,0,2591,3377,22692,210095,391921,271553,63386,56982,16.17,6.75,1.58,55.7,11.38,https://github.com/debezium/debezium,https://github.com/debezium/debezium.git,2016-01-22T20:17:05Z,
trinodb/trino,11874,6.66,0,10660,0,0,0,1874331,1457268,193681,223382,10.33,,,,,https://github.com/trinodb/trino,https://github.com/trinodb/trino.git,2019-01-19T06:38:14Z,ck_failed
xpipe-io/xpipe,11628,2.64,121,928,1481,6153,61522,90283,74779,1394,14110,1.54,6.88,1.58,18.84,8.36,https://github.com/xpipe-io/xpipe,https://github.com/xpipe-io/xpipe.git,2023-01-27T02:25:38Z,
code4craft/webmagic,11626,12.41,33,255,344,1212,8794,18898,13690,2593,2615,13.72,4.53,1.18,11.47,5.53,https://github.com/code4craft/webmagic,https://github.com/code4craft/webmagic.git,2013-04-23T12:57:36Z,
frank-lam/fullstack-tutorial,11682,7.43,0,0,0,0,0,0,0,0,0,,,,,,https://github.com/frank-lam/fullstack-tutorial,https://github.com/frank-lam/fullstack-tutorial.git,2018-04-13T01:50:10Z,no_java_files
OpenRefine/OpenRefine,11511,12.93,72,1075,1401,7251,73059,152642,97420,32027,23195,20.98,6.46,1.7,12.78,11.61,https://github.com/OpenRefine/OpenRefine,https://github.com/OpenRefine/OpenRefine.git,2012-10-15T02:22:48Z,
realm/realm-java,11483,13.42,0,668,1912,10909,110167,159862,108490,31649,19723,19.8,4.33,1.21,51.75,11.13,https://github.com/realm/realm-java,https://github.com/realm/realm-java.git,2012-04-20T09:18:42Z,
careercup/CtCI-6th-Edition,11459,10.22,0,584,609,2126,21093,28536,22916,1277,4343,4.48,2.17,1.07,4.48,9.02,https://github.com/careercup/CtCI-6th-Edition,https://github.com/careercup/CtCI-6th-Edition.git,2015-07-02T06:28:46Z,
gyf-dev/ImmersionBar,11447,8.42,0,119,142,876,7237,12925,8666,2802,1457,21.68,6.35,2.11,159.25,12.29,https://github.com/gyf-dev/ImmersionBar,https://github.com/gyf-dev/ImmersionBar.git,2017-04-19T05:10:09Z,
PaperMC/Paper,11409,9.66,0,3463,4165,27520,160629,385030,212440,115850,56740,30.09,6.88,1.66,111.82,9.98,https://github.com/PaperMC/Paper,https://github.com/PaperMC/Paper.git,2016-01-22T05:40:19Z,
newbee-ltd/newbee-mall,11394,5.99,0,88,89,727,3935,7609,4937,1457,1215,19.15,5.03,1.07,34.91,13.02,https://github.com/newbee-ltd/newbee-mall,https://github.com/newbee-ltd/newbee-mall.git,2019-09-21T03:56:04Z,
provectus/kafka-ui,11289,5.81,25,416,0,0,0,39478,33492,694,5292,1.76,,,,,https://github.com/provectus/kafka-ui,https://github.com/provectus/kafka-ui.git,2019-11-26T15:55:55Z,ck_failed
jhy/jsoup,11243,15.75,20,179,408,3798,38014,50627,35740,7941,6946,15.69,6.31,1.81,240.08,17.43,https://github.com/jhy/jsoup,https://github.com/jhy/jsoup.git,2009-12-19T01:29:58Z,
permissions-dispatcher/PermissionsDispatcher,11228,10.09,40,30,119,455,3184,7732,6890,132,710,1.71,1.62,1.23,34.38,4.5,https://github.com/permissions-dispatcher/PermissionsDispatcher,https://github.com/permissions-dispatcher/PermissionsDispatcher.git,2015-08-15T21:41:05Z,
mission-peace/interview,11212,11.16,0,534,667,1850,27259,36792,27297,5478,4017,14.89,2.01,1.04,3.41,9.32,https://github.com/mission-peace/interview,https://github.com/mission-peace/interview.git,2014-07-20T21:27:31Z,
opensearch-project/OpenSearch,11549,4.63,59,10900,18830,114965,1267677,2280905,1578651,435289,266965,19.08,7.45,1.73,38.44,11.11,https://github.com/opensearch-project/OpenSearch,https://github.com/opensearch-project/OpenSearch.git,2021-01-29T22:10:00Z,
H07000223/FlycoTabLayout,11120,9.86,4,16,33,326,2730,3602,2778,207,617,5.75,6.45,1.55,223.09,17.64,https://github.com/H07000223/FlycoTabLayout,https://github.com/H07000223/FlycoTabLayout.git,2015-11-09T01:53:19Z,
beemdevelopment/Aegis,11118,9.09,72,259,455,2267,24033,30567,24641,860,5066,2.81,7.44,1.71,22.82,9.81,https://github.com/beemdevelopment/Aegis,https://github.com/beemdevelopment/Aegis.git,2016-08-15T19:10:31Z,
apereo/cas,11195,14.03,303,6967,8987,23014,228308,565341,404599,94410,66332,16.7,9.2,1.49,7.81,3.62,https://github.com/apereo/cas,https://github.com/apereo/cas.git,2011-09-09T01:36:42Z,
daniulive/SmarterStreaming,11113,9.48,0,39,167,692,10243,21811,10156,7868,3787,36.07,3.83,1.05,73.76,12.01,https://github.com/daniulive/SmarterStreaming,https://github.com/daniulive/SmarterStreaming.git,2016-03-26T14:46:02Z,
lingochamp/FileDownloader,11111,9.74,65,117,269,1713,14387,23882,14928,5340,3614,22.36,4.53,1.69,42.01,11.77,https://github.com/lingochamp/FileDownloader,https://github.com/lingochamp/FileDownloader.git,2015-12-22T11:17:16Z,
jfeinstein10/SlidingMenu,11045,13.22,0,33,74,428,3085,4932,3212,1026,694,20.8,5.08,1.95,47.45,10.42,https://github.com/jfeinstein10/SlidingMenu,https://github.com/jfeinstein10/SlidingMenu.git,2012-06-30T05:14:23Z,
androidannotations/androidannotations,11037,13.7,0,935,962,4156,28796,71709,38265,22436,11008,31.29,5.99,1.72,26.12,6.46,https://github.com/androidannotations/androidannotations,https://github.com/androidannotations/androidannotations.git,2012-01-06T08:48:03Z,
datahub-project/datahub,11030,9.84,104,2830,3288,16990,186627,447761,363023,29382,55356,6.56,11.44,1.21,17.23,9.43,https://github.com/datahub-project/datahub,https://github.com/datahub-project/datahub.git,2015-11-18T05:47:40Z,
LawnchairLauncher/lawnchair,11115,8.54,32,1615,3253,25469,248759,415870,288152,74363,53355,17.88,10.39,1.59,97.17,16.61,https://github.com/LawnchairLauncher/lawnchair,https://github.com/LawnchairLauncher/lawnchair.git,2017-03-03T13:12:58Z,
doocs/jvm,10969,7.24,0,1,1,1,5,8,5,3,0,37.5,0.0,1.0,0.0,1.0,https://github.com/doocs/jvm,https://github.com/doocs/jvm.git,2018-06-23T01:12:59Z,
ssssssss-team/spider-flow,10911,5.47,2,130,161,968,8748,11742,9003,942,1797,8.02,5.39,1.73,20.33,13.07,https://github.com/ssssssss-team/spider-flow,https://github.com/ssssssss-team/spider-flow.git,2020-03-27T11:07:15Z,
square/javapoet,10869,12.63,0,39,99,857,7543,12212,9685,1206,1321,9.88,4.52,1.15,129.29,14.82,https://github.com/square/javapoet,https://github.com/square/javapoet.git,2013-02-01T16:56:30Z,
microg/GmsCore,10917,11.41,41,1333,1809,7386,54635,108290,63986,29758,14546,27.48,5.75,1.72,14.22,6.31,https://github.com/microg/GmsCore,https://github.com/microg/GmsCore.git,2014-04-23T19:28:47Z,
apple/pkl,10851,1.66,16,706,1622,7174,61367,92156,64757,16033,11366,17.4,6.17,5.71,28.38,7.74,https://github.com/apple/pkl,https://github.com/apple/pkl.git,2024-01-19T17:28:45Z,
alibaba/vlayout,10770,8.56,34,50,159,1145,14042,19495,12659,3735,3101,19.16,5.31,1.86,72.54,20.48,https://github.com/alibaba/vlayout,https://github.com/alibaba/vlayout.git,2017-02-27T08:11:47Z,
jwtk/jjwt,10846,11.02,9,408,555,2401,16052,44177,18956,20485,4736,46.37,5.64,2.0,25.83,7.2,https://github.com/jwtk/jjwt,https://github.com/jwtk/jjwt.git,2014-09-13T01:06:24Z,
asLody/VirtualApp,10753,9.2,0,553,1420,4164,46624,56597,43464,4773,8360,8.43,3.83,2.59,15.61,6.24,https://github.com/asLody/VirtualApp,https://github.com/asLody/VirtualApp.git,2016-07-06T13:25:23Z,
TooTallNate/Java-WebSocket,10735,15.66,19,168,261,1421,12805,23851,13759,7369,2723,30.9,3.56,1.82,36.62,10.18,https://github.com/TooTallNate/Java-WebSocket,https://github.com/TooTallNate/Java-WebSocket.git,2010-01-20T23:33:04Z,
clojure/clojure,10717,15.22,0,185,917,4636,46876,62303,43247,12222,6834,19.62,3.6,1.5,130.39,12.62,https://github.com/clojure/clojure,https://github.com/clojure/clojure.git,2010-06-29T20:03:33Z,
StarRocks/starrocks,10664,4.04,154,5204,9489,64136,733490,1158864,874390,141264,143210,12.19,7.31,1.48,135.68,13.99,https://github.com/StarRocks/starrocks,https://github.com/StarRocks/starrocks.git,2021-09-04T02:29:35Z,
android-async-http/android-async-http,10632,14.58,3,84,154,890,7620,12683,7402,3451,1830,27.21,5.66,1.79,45.88,10.75,https://github.com/android-async-http/android-async-http,https://github.com/android-async-http/android-async-http.git,2011-02-20T03:25:07Z,
jeasonlzy/okhttp-OkGo,10603,9.68,14,192,361,1613,13418,22573,14073,5848,2652,25.91,5.66,1.62,19.45,7.78,https://github.com/jeasonlzy/okhttp-OkGo,https://github.com/jeasonlzy/okhttp-OkGo.git,2016-01-15T10:35:24Z,
google/auto,10521,12.33,66,320,1139,4149,31941,58026,40831,10846,6349,18.69,4.11,1.71,25.59,4.94,https://github.com/google/auto,https://github.com/google/auto.git,2013-05-22T21:41:56Z,
lipangit/JiaoZiVideoPlayer,10492,9.61,78,46,69,515,4511,6191,5026,250,915,4.04,7.28,2.12,56.64,14.86,https://github.com/lipangit/JiaoZiVideoPlayer,https://github.com/lipangit/JiaoZiVideoPlayer.git,2016-02-06T11:04:24Z,
tbruyelle/RxPermissions,10481,9.97,11,6,20,101,876,1326,983,113,230,8.52,4.65,1.1,10.1,7.1,https://github.com/tbruyelle/RxPermissions,https://github.com/tbruyelle/RxPermissions.git,2015-09-29T13:55:09Z,
Activiti/Activiti,10425,13.01,1950,3048,3407,21275,155586,342718,220359,71110,51249,20.75,5.7,1.57,89.4,9.93,https://github.com/Activiti/Activiti,https://github.com/Activiti/Activiti.git,2012-09-13T11:34:43Z,
zfile-dev/zfile,10386,6.08,67,395,414,1137,12385,30521,18839,6238,5444,20.44,7.01,1.5,9.45,5.89,https://github.com/zfile-dev/zfile,https://github.com/zfile-dev/zfile.git,2019-08-19T13:57:56Z,
aosp-mirror/platform_frameworks_base,10768,16.91,0,17288,0,0,0,6760979,4469258,1430230,861491,21.15,,,,,https://github.com/aosp-mirror/platform_frameworks_base,https://github.com/aosp-mirror/platform_frameworks_base.git,2008-10-21T18:20:37Z,ck_failed
resilience4j/resilience4j,10362,10.3,35,1328,1592,8278,61785,133757,84188,29943,19626,22.39,7.04,1.49,18.99,6.41,https://github.com/resilience4j/resilience4j,https://github.com/resilience4j/resilience4j.git,2015-06-03T09:21:01Z,
JessYanCoding/MVPArms,10287,9.12,25,110,149,852,5986,13525,7065,4850,1610,35.86,6.64,1.28,32.1,9.72,https://github.com/JessYanCoding/MVPArms,https://github.com/JessYanCoding/MVPArms.git,2016-08-06T08:49:56Z,
awsdocs/aws-doc-sdk-examples,10205,9.08,0,1585,1658,5814,81178,170957,117280,26048,27629,15.24,7.03,1.04,6.17,7.13,https://github.com/awsdocs/aws-doc-sdk-examples,https://github.com/awsdocs/aws-doc-sdk-examples.git,2016-08-18T19:06:57Z,
JakeWharton/ViewPagerIndicator,10104,14.13,0,42,66,284,2947,4087,3072,360,655,8.81,6.02,2.71,29.27,9.08,https://github.com/JakeWharton/ViewPagerIndicator,https://github.com/JakeWharton/ViewPagerIndicator.git,2011-08-04T17:13:44Z,
signalapp/Signal-Server,10075,11.78,0,1133,1274,6285,59915,140026,105698,10601,23727,7.57,9.04,1.48,13.72,7.34,https://github.com/signalapp/Signal-Server,https://github.com/signalapp/Signal-Server.git,2013-12-09T07:10:36Z,
wasabeef/glide-transformations,9926,10.69,0,25,27,148,991,2197,1348,443,406,20.16,5.56,2.15,2.78,8.0,https://github.com/wasabeef/glide-transformations,https://github.com/wasabeef/glide-transformations.git,2015-01-09T10:33:29Z,
googlesamples/easypermissions,9915,9.74,12,28,33,248,1705,3353,2351,414,588,12.35,8.94,1.48,12.21,10.52,https://github.com/googlesamples/easypermissions,https://github.com/googlesamples/easypermissions.git,2015-12-22T18:05:53Z,
paascloud/paascloud-master,9898,7.51,0,719,744,2021,16488,55889,25489,23189,7211,41.49,6.0,1.34,5.44,4.34,https://github.com/paascloud/paascloud-master,https://github.com/paascloud/paascloud-master.git,2018-03-17T05:40:43Z,
uknownothingsnow/JsBridge,9888,10.56,0,16,32,149,1160,1643,1146,219,278,13.33,3.5,1.16,17.09,8.19,https://github.com/uknownothingsnow/JsBridge,https://github.com/uknownothingsnow/JsBridge.git,2015-02-26T12:10:58Z,
stanfordnlp/CoreNLP,9966,12.23,19,2123,4305,34919,557599,812291,610493,132477,69321,16.31,5.95,1.65,148.58,24.03,https://github.com/stanfordnlp/CoreNLP,https://github.com/stanfordnlp/CoreNLP.git,2013-06-27T21:13:49Z,
hackware1993/MagicIndicator,9802,9.23,12,45,103,589,4533,5438,4333,278,827,5.11,5.0,1.34,26.94,8.62,https://github.com/hackware1993/MagicIndicator,https://github.com/hackware1993/MagicIndicator.git,2016-06-26T08:20:43Z,
HarlonWang/AVLoadingIndicatorView,9770,9.9,1,35,92,185,2161,2862,2195,171,496,5.97,3.57,1.78,6.75,3.0,https://github.com/HarlonWang/AVLoadingIndicatorView,https://github.com/HarlonWang/AVLoadingIndicatorView.git,2015-10-24T20:18:33Z,
OpenFeign/feign,9737,12.23,39,482,1244,4574,37360,68354,46322,12196,9836,17.84,5.1,1.68,13.28,5.18,https://github.com/OpenFeign/feign,https://github.com/OpenFeign/feign.git,2013-06-26T23:28:16Z,
YoKeyword/Fragmentation,9723,9.57,30,125,284,1203,8981,12775,9054,1606,2115,12.57,5.23,1.71,15.12,6.44,https://github.com/YoKeyword/Fragmentation,https://github.com/YoKeyword/Fragmentation.git,2016-02-23T08:54:55Z,
xuchengsheng/spring-reading,9704,2.01,0,448,290,377,3039,9558,5912,1846,1800,19.31,2.81,1.03,0.53,1.63,https://github.com/xuchengsheng/spring-reading,https://github.com/xuchengsheng/spring-reading.git,2023-09-15T06:42:44Z,
lihengming/spring-boot-api-project-seed,9686,8.24,4,13,15,60,484,761,564,71,126,9.33,5.0,1.27,9.73,6.8,https://github.com/lihengming/spring-boot-api-project-seed,https://github.com/lihengming/spring-boot-api-project-seed.git,2017-06-23T10:06:30Z,
perwendel/spark,9660,14.38,0,184,221,1368,9588,21272,11305,6613,3354,31.09,4.54,1.3,47.12,9.43,https://github.com/perwendel/spark,https://github.com/perwendel/spark.git,2011-05-05T11:52:05Z,
ksoichiro/Android-ObservableScrollView,9650,10.86,0,148,335,1164,12621,17047,11754,2963,2330,17.38,5.01,1.97,7.57,6.69,https://github.com/ksoichiro/Android-ObservableScrollView,https://github.com/ksoichiro/Android-ObservableScrollView.git,2014-11-08T14:45:20Z,
react-native-camera/react-native-camera,9648,10.47,144,0,0,0,0,0,0,0,0,,,,,,https://github.com/react-native-camera/react-native-camera,https://github.com/react-native-camera/react-native-camera.git,2015-04-01T00:54:40Z,no_java_files
koral--/android-gif-drawable,9630,12.64,61,43,64,478,2920,5311,3143,1494,674,28.13,6.16,1.66,59.73,10.97,https://github.com/koral--/android-gif-drawable,https://github.com/koral--/android-gif-drawable.git,2013-01-30T01:37:46Z,
bilibili/DanmakuFlameMaster,9599,12.1,5,78,172,1204,12879,13905,10381,1339,2185,9.63,5.16,1.61,47.51,15.59,https://github.com/bilibili/DanmakuFlameMaster,https://github.com/bilibili/DanmakuFlameMaster.git,2013-08-11T12:18:50Z,
SonarSource/sonarqube,9881,14.7,65,7744,8617,57424,412274,898617,596143,176501,125973,19.64,7.22,1.18,26.59,8.35,https://github.com/SonarSource/sonarqube,https://github.com/SonarSource/sonarqube.git,2011-01-05T11:05:17Z,
liaohuqiu/android-Ultra-Pull-To-Refresh,9562,10.85,8,50,161,571,5476,6897,5219,642,1036,9.31,4.04,1.42,19.14,5.81,https://github.com/liaohuqiu/android-Ultra-Pull-To-Refresh,https://github.com/liaohuqiu/android-Ultra-Pull-To-Refresh.git,2014-11-13T03:13:10Z,
MyCATApache/Mycat-Server,9552,10.79,7,1039,1291,8400,92943,154033,101924,30975,21134,20.11,4.94,1.29,78.49,17.51,https://github.com/MyCATApache/Mycat-Server,https://github.com/MyCATApache/Mycat-Server.git,2014-12-04T02:46:54Z,
umano/AndroidSlidingUpPanel,9497,12.3,8,4,17,160,2011,3237,1923,916,398,28.3,4.94,1.35,132.0,32.35,https://github.com/umano/AndroidSlidingUpPanel,https://github.com/umano/AndroidSlidingUpPanel.git,2013-05-31T18:33:53Z,
crossoverJie/cim,9442,7.33,9,166,202,678,5622,11270,7597,1673,2000,14.84,4.88,1.28,5.74,5.05,https://github.com/crossoverJie/cim,https://github.com/crossoverJie/cim.git,2018-05-20T15:55:56Z,
pockethub/PocketHub,9381,14.03,1,191,212,812,6980,17389,9726,5210,2453,29.96,6.58,1.48,9.04,7.08,https://github.com/pockethub/PocketHub,https://github.com/pockethub/PocketHub.git,2011-09-08T16:52:50Z,
spinnaker/spinnaker,9581,11.21,15,6158,8159,27710,235592,568383,384292,110354,73737,19.42,6.61,1.52,14.3,5.39,https://github.com/spinnaker/spinnaker,https://github.com/spinnaker/spinnaker.git,2014-07-02T19:02:36Z,
Justson/AgentWeb,9350,8.35,21,130,256,1153,11320,16447,11361,2829,2257,17.2,5.4,1.49,18.79,9.49,https://github.com/Justson/AgentWeb,https://github.com/Justson/AgentWeb.git,2017-05-12T07:45:56Z,
seven332/EhViewer,9335,11.35,97,290,601,3554,44372,59175,43384,7906,7885,13.36,7.14,1.82,45.26,14.66,https://github.com/seven332/EhViewer,https://github.com/seven332/EhViewer.git,2014-05-14T12:03:52Z,
huanghaibin-dev/CalendarView,9314,8.52,1,94,176,1208,11557,20085,13016,4203,2866,20.93,6.57,2.16,53.18,15.46,https://github.com/huanghaibin-dev/CalendarView,https://github.com/huanghaibin-dev/CalendarView.git,2017-03-11T07:16:09Z,
json-path/JsonPath,9298,14.65,10,198,368,2074,16468,25278,17739,3430,4109,13.57,4.56,1.49,29.29,9.63,https://github.com/json-path/JsonPath,https://github.com/json-path/JsonPath.git,2011-01-24T13:19:19Z,
apache/cassandra,9368,16.33,0,5907,12631,79061,743025,1295567,922571,204414,168582,15.78,6.81,1.77,59.17,11.64,https://github.com/apache/cassandra,https://github.com/apache/cassandra.git,2009-05-21T02:10:09Z,
spring-projects/spring-security,9296,13.69,230,3984,6703,33235,272451,577555,352290,146641,78624,25.39,7.47,1.27,10.5,6.5,https://github.com/spring-projects/spring-security,https://github.com/spring-projects/spring-security.git,2012-01-10T21:50:57Z,
GcsSloop/AndroidNote,9292,9.7,0,3,8,35,402,565,368,85,112,15.04,4.88,1.38,8.12,7.75,https://github.com/GcsSloop/AndroidNote,https://github.com/GcsSloop/AndroidNote.git,2016-01-04T23:51:36Z,
android/testing-samples,9275,10.94,0,67,86,270,1849,5537,2806,1883,848,34.01,5.5,1.35,3.15,3.99,https://github.com/android/testing-samples,https://github.com/android/testing-samples.git,2014-10-11T03:51:27Z,
cats-oss/android-gpuimage,9128,12.96,0,96,153,676,6341,11989,8100,2600,1289,21.69,2.96,2.16,11.3,7.01,https://github.com/cats-oss/android-gpuimage,https://github.com/cats-oss/android-gpuimage.git,2012-10-04T08:11:58Z,
didi/VirtualAPK,9041,8.22,4,84,163,790,7981,10300,7262,1345,1693,13.06,4.9,1.61,17.58,8.88,https://github.com/didi/VirtualAPK,https://github.com/didi/VirtualAPK.git,2017-06-29T07:25:05Z,
flyway/flyway,9100,12.76,267,719,726,4216,31226,74360,42632,21801,9927,29.32,6.0,1.48,53.07,11.83,https://github.com/flyway/flyway,https://github.com/flyway/flyway.git,2012-12-14T18:43:22Z,
langchain4j/langchain4j,9001,2.24,52,1998,3166,16256,129183,230863,168957,23899,38007,10.35,6.04,1.18,17.44,7.19,https://github.com/langchain4j/langchain4j,https://github.com/langchain4j/langchain4j.git,2023-06-20T15:30:29Z,
navasmdc/MaterialDesignLibrary,8971,10.97,3,30,82,274,2927,3773,2882,247,644,6.55,4.54,1.82,6.76,6.6,https://github.com/navasmdc/MaterialDesignLibrary,https://github.com/navasmdc/MaterialDesignLibrary.git,2014-09-30T07:37:17Z,
KunMinX/Jetpack-MVVM-Best-Practice,8951,5.88,0,71,119,428,3691,7445,4617,1781,1047,23.92,4.84,1.62,12.0,6.38,https://github.com/KunMinX/Jetpack-MVVM-Best-Practice,https://github.com/KunMinX/Jetpack-MVVM-Best-Practice.git,2019-10-31T05:21:01Z,
Freelander/Android_Data,8843,10.46,0,2,2,17,116,186,131,30,25,16.13,2.0,1.0,3.0,21.0,https://github.com/Freelander/Android_Data,https://github.com/Freelander/Android_Data.git,2015-04-04T01:37:44Z,
nathanmarz/storm,8811,14.01,0,449,851,5896,60552,67458,46305,11847,9306,17.56,4.43,1.29,33.07,13.27,https://github.com/nathanmarz/storm,https://github.com/nathanmarz/storm.git,2011-09-17T07:55:13Z,
apache/jmeter,8997,15.32,10,1402,1718,13755,127359,247325,148229,69017,30079,27.91,5.51,1.89,62.15,14.74,https://github.com/apache/jmeter,https://github.com/apache/jmeter.git,2010-05-26T23:38:07Z,
laobie/StatusBarUtil,8799,9.59,0,12,33,99,1036,1484,1003,326,155,21.97,4.15,1.55,22.55,5.09,https://github.com/laobie/StatusBarUtil,https://github.com/laobie/StatusBarUtil.git,2016-02-15T03:06:06Z,
java-native-access/jna,8803,14.39,0,576,2365,8832,106804,214581,90351,102783,21447,47.9,4.88,2.54,44.94,6.55,https://github.com/java-native-access/jna,https://github.com/java-native-access/jna.git,2011-04-29T13:30:29Z,
apache/seatunnel,8784,8.12,52,3914,4765,23760,262775,529961,381936,86428,61597,16.31,6.81,1.36,31.08,10.3,https://github.com/apache/seatunnel,https://github.com/apache/seatunnel.git,2017-08-05T09:14:47Z,
Blankj/awesome-java-leetcode,8714,8.42,0,70,72,158,1772,3103,1913,939,251,30.26,1.68,1.0,1.17,7.25,https://github.com/Blankj/awesome-java-leetcode,https://github.com/Blankj/awesome-java-leetcode.git,2017-04-17T15:51:41Z,
chrisbanes/Android-PullToRefresh,8687,13.81,0,36,82,413,3567,6106,3583,1535,988,25.14,6.02,2.11,55.84,9.93,https://github.com/chrisbanes/Android-PullToRefresh,https://github.com/chrisbanes/Android-PullToRefresh.git,2011-11-29T09:59:56Z,
flowable/flowable-engine,8723,8.93,28,7769,8967,66131,521363,1029434,678779,175548,175107,17.05,6.58,1.64,152.25,11.81,https://github.com/flowable/flowable-engine,https://github.com/flowable/flowable-engine.git,2016-10-13T07:21:43Z,
checkstyle/checkstyle,8674,12.05,169,5743,0,0,0,581092,367309,137501,76282,23.66,,,,,https://github.com/checkstyle/checkstyle,https://github.com/checkstyle/checkstyle.git,2013-08-31T02:05:05Z,ck_failed
ybq/Android-SpinKit,8664,9.5,0,42,71,263,1812,2864,2100,311,453,10.86,4.82,3.17,21.52,5.14,https://github.com/ybq/Android-SpinKit,https://github.com/ybq/Android-SpinKit.git,2016-03-20T08:40:51Z,
karatelabs/karate,8664,8.61,54,509,586,5247,40769,63967,46426,9283,8258,14.51,6.17,1.2,118.7,15.91,https://github.com/karatelabs/karate,https://github.com/karatelabs/karate.git,2017-02-07T15:59:17Z,
shwenzhang/AndResGuard,8623,9.94,4,49,66,488,6506,8603,6462,1173,968,13.63,3.53,1.5,22.38,19.44,https://github.com/shwenzhang/AndResGuard,https://github.com/shwenzhang/AndResGuard.git,2015-10-11T11:48:06Z,
react-native-image-picker/react-native-image-picker,8590,10.28,142,10,11,71,811,1199,933,47,219,3.92,6.18,1.55,66.18,17.0,https://github.com/react-native-image-picker/react-native-image-picker,https://github.com/react-native-image-picker/react-native-image-picker.git,2015-06-08T20:25:31Z,
chrisjenx/Calligraphy,8569,11.75,4,16,25,115,968,1822,1030,569,223,31.23,5.72,1.44,11.36,9.44,https://github.com/chrisjenx/Calligraphy,https://github.com/chrisjenx/Calligraphy.git,2013-12-20T02:35:45Z,
amitshekhariitbhu/Android-Debug-Database,8564,8.84,14,54,61,247,2393,4295,2801,755,739,17.58,4.15,1.28,8.8,8.43,https://github.com/amitshekhariitbhu/Android-Debug-Database,https://github.com/amitshekhariitbhu/Android-Debug-Database.git,2016-11-16T14:20:24Z,
airbnb/epoxy,8559,9.11,76,535,635,7822,48651,92166,67504,11808,12854,12.81,7.55,1.77,148.73,19.85,https://github.com/airbnb/epoxy,https://github.com/airbnb/epoxy.git,2016-08-08T23:05:11Z,
apache/shenyu,8658,7.19,13,3070,3590,20479,142502,368488,188307,133083,47098,36.12,6.02,1.24,17.98,7.55,https://github.com/apache/shenyu,https://github.com/apache/shenyu.git,2018-07-11T08:17:45Z,
dropwizard/dropwizard,8555,14.67,189,915,1371,5802,39828,77874,56685,9086,12103,11.67,6.02,1.52,19.24,5.26,https://github.com/dropwizard/dropwizard,https://github.com/dropwizard/dropwizard.git,2011-01-19T19:52:29Z,
junit-team/junit4,8537,16.68,13,471,1471,4306,32946,45350,31216,7448,6686,16.42,3.74,1.45,12.96,3.76,https://github.com/junit-team/junit4,https://github.com/junit-team/junit4.git,2009-01-13T03:41:26Z,
frohoff/ysoserial,8504,10.64,1,80,120,366,3851,6723,4449,980,1294,14.58,5.46,1.34,8.89,5.32,https://github.com/frohoff/ysoserial,https://github.com/frohoff/ysoserial.git,2015-01-28T07:13:55Z,
ZCShou/GoGoGo,8475,3.79,8,18,48,200,3813,4666,3773,278,615,5.96,7.71,1.46,12.88,10.4,https://github.com/ZCShou/GoGoGo,https://github.com/ZCShou/GoGoGo.git,2021-12-03T06:59:39Z,
google/tsunami-security-scanner,8461,5.29,27,197,288,1306,8564,22393,15045,4749,2599,21.21,6.26,1.54,14.75,6.03,https://github.com/google/tsunami-security-scanner,https://github.com/google/tsunami-security-scanner.git,2020-06-03T16:20:00Z,
roughike/BottomBar,8388,9.51,4,29,66,335,2834,4272,3083,477,712,11.17,4.91,1.29,61.67,8.64,https://github.com/roughike/BottomBar,https://github.com/roughike/BottomBar.git,2016-03-16T01:31:05Z,
PojavLauncherTeam/PojavLauncher,8385,5.52,126,291,402,2543,27149,43837,32859,5452,5526,12.44,6.23,1.41,124.73,14.17,https://github.com/PojavLauncherTeam/PojavLauncher,https://github.com/PojavLauncherTeam/PojavLauncher.git,2020-03-11T03:22:54Z,
LSPosed/LSPatch,8384,4.55,9,18,146,748,7008,1548,1297,31,220,2.0,4.34,1.35,23.88,10.61,https://github.com/LSPosed/LSPatch,https://github.com/LSPosed/LSPatch.git,2021-03-01T19:38:36Z,
hs-web/hsweb-framework,8382,9.67,30,688,848,3151,24639,51228,34551,8203,8474,16.01,6.2,1.33,11.18,6.12,https://github.com/hs-web/hsweb-framework,https://github.com/hs-web/hsweb-framework.git,2016-01-18T03:51:39Z,
DImuthuUpe/AndroidPdfViewer,8363,9.29,0,41,57,373,3328,5196,3334,1058,804,20.36,4.95,1.25,76.79,12.81,https://github.com/DImuthuUpe/AndroidPdfViewer,https://github.com/DImuthuUpe/AndroidPdfViewer.git,2016-06-02T20:21:21Z,
testcontainers/testcontainers-java,8325,10.44,85,727,897,3963,30991,64963,47048,7231,10684,11.13,5.35,1.5,21.91,6.07,https://github.com/testcontainers/testcontainers-java,https://github.com/testcontainers/testcontainers-java.git,2015-04-12T12:44:59Z,
wildfirechat/im-server,8302,6.65,108,593,1013,10757,158401,125233,94591,18785,11857,15.0,6.54,1.54,111.72,21.6,https://github.com/wildfirechat/im-server,https://github.com/wildfirechat/im-server.git,2019-01-23T15:21:28Z,
apache/beam,8296,9.63,53,6619,16209,75086,726985,1287144,888028,249606,149510,19.39,7.42,1.54,19.63,6.97,https://github.com/apache/beam,https://github.com/apache/beam.git,2016-02-02T08:00:06Z,
apache/shardingsphere-elasticjob,8210,10.02,30,556,596,2053,15586,40222,22124,12714,5384,31.61,5.48,1.15,3.19,4.85,https://github.com/apache/shardingsphere-elasticjob,https://github.com/apache/shardingsphere-elasticjob.git,2015-09-11T11:28:52Z,
pentaho/pentaho-kettle,8172,11.95,1,4852,11190,64171,781542,1222635,848458,194674,179503,15.92,6.01,1.28,82.49,12.1,https://github.com/pentaho/pentaho-kettle,https://github.com/pentaho/pentaho-kettle.git,2013-10-08T18:27:11Z,
facebook/buck,8557,12.42,57,6895,0,0,0,1041637,732177,182768,126692,17.55,,,,,https://github.com/facebook/buck,https://github.com/facebook/buck.git,2013-04-17T18:12:18Z,ck_failed
cabaletta/baritone,8151,7.13,85,359,473,2506,22324,43178,26163,11809,5206,27.35,6.7,1.39,22.11,12.96,https://github.com/cabaletta/baritone,https://github.com/cabaletta/baritone.git,2018-08-01T15:34:21Z,
alibaba/atlas,8151,8.55,7,1205,2194,13136,157514,304862,137245,136937,30680,44.92,5.81,1.44,29.88,13.63,https://github.com/alibaba/atlas,https://github.com/alibaba/atlas.git,2017-02-28T06:31:43Z,
alibaba/otter,8128,12.11,10,888,1296,6835,68163,104032,62061,26871,15100,25.83,4.56,1.37,32.45,9.63,https://github.com/alibaba/otter,https://github.com/alibaba/otter.git,2013-08-09T09:31:22Z,
alibaba/transmittable-thread-local,8127,11.93,58,126,155,834,6932,14368,7283,5215,1870,36.3,5.59,1.43,12.35,10.39,https://github.com/alibaba/transmittable-thread-local,https://github.com/alibaba/transmittable-thread-local.git,2013-10-13T08:48:33Z,
bytedeco/javacv,8122,11.41,13,111,223,2193,26962,32715,24024,5125,3566,15.67,6.13,2.13,133.99,28.71,https://github.com/bytedeco/javacv,https://github.com/bytedeco/javacv.git,2014-04-21T13:50:26Z,
florent37/MaterialViewPager,8113,10.4,11,18,44,158,1616,2379,1619,381,379,16.02,4.55,1.3,9.39,7.02,https://github.com/florent37/MaterialViewPager,https://github.com/florent37/MaterialViewPager.git,2015-04-24T17:53:15Z,
HMCL-dev/HMCL,8126,10.24,259,762,1301,7516,78533,111525,77364,17821,16340,15.98,6.86,1.7,35.66,12.15,https://github.com/HMCL-dev/HMCL,https://github.com/HMCL-dev/HMCL.git,2015-06-22T08:06:03Z,
guolindev/LitePal,8102,12.58,0,129,201,1147,11830,22976,12473,8420,2083,36.65,5.01,1.65,49.45,11.27,https://github.com/guolindev/LitePal,https://github.com/guolindev/LitePal.git,2013-02-20T03:20:07Z,
aeron-io/aeron,8105,11.61,126,916,1313,11043,122543,261350,178585,50312,32453,19.25,7.8,1.28,113.6,15.97,https://github.com/aeron-io/aeron,https://github.com/aeron-io/aeron.git,2014-02-07T17:16:58Z,
aritraroy/UltimateAndroidReference,8100,8.44,0,1,1,4,22,31,24,0,7,0.0,1.0,1.0,0.0,6.0,https://github.com/aritraroy/UltimateAndroidReference,https://github.com/aritraroy/UltimateAndroidReference.git,2017-04-10T07:28:27Z,
Netflix/SimianArmy,7987,13.2,4,216,305,1767,16056,32036,19282,8835,3919,27.58,5.85,1.42,25.16,10.45,https://github.com/Netflix/SimianArmy,https://github.com/Netflix/SimianArmy.git,2012-07-06T22:00:05Z,
davemorrissey/subsampling-scale-image-view,7987,12.06,21,33,72,342,4262,5810,3998,1140,672,19.62,5.62,1.58,79.72,13.4,https://github.com/davemorrissey/subsampling-scale-image-view,https://github.com/davemorrissey/subsampling-scale-image-view.git,2013-08-26T16:45:25Z,
junixapp/XPopup,7965,6.78,221,113,305,1253,12348,15365,11637,2077,1651,13.52,4.7,1.58,22.9,8.74,https://github.com/junixapp/XPopup,https://github.com/junixapp/XPopup.git,2018-12-07T06:16:48Z,
apache/tomcat,7951,13.97,0,2743,4671,34684,355870,622986,363876,167267,91843,26.85,4.61,1.8,179.67,16.2,https://github.com/apache/tomcat,https://github.com/apache/tomcat.git,2011-10-01T07:00:19Z,
JakeWharton/hugo,7930,11.82,0,5,7,44,384,488,405,2,81,0.41,5.71,1.14,27.71,13.0,https://github.com/JakeWharton/hugo,https://github.com/JakeWharton/hugo.git,2013-11-25T09:16:40Z,
dropwizard/metrics,7851,15.56,140,402,688,3302,28510,46021,33568,4985,7468,10.83,5.48,1.35,9.53,6.66,https://github.com/dropwizard/metrics,https://github.com/dropwizard/metrics.git,2010-02-26T19:44:42Z,
apache/iceberg,7970,6.83,31,4762,4545,33987,313587,1040105,762739,138875,138491,13.35,8.63,1.63,36.37,11.96,https://github.com/apache/iceberg,https://github.com/apache/iceberg.git,2018-11-19T16:26:46Z,
HannahMitt/HomeMirror,7846,10.07,0,27,66,142,1719,2463,1490,607,366,24.64,2.73,1.08,5.35,4.03,https://github.com/HannahMitt/HomeMirror,https://github.com/HannahMitt/HomeMirror.git,2015-08-23T03:20:08Z,
software-mansion/react-native-svg,7833,9.67,124,115,218,1758,13080,18256,13960,2157,2139,11.82,6.55,2.65,87.94,18.66,https://github.com/software-mansion/react-native-svg,https://github.com/software-mansion/react-native-svg.git,2016-01-17T14:29:21Z,
ChrisRM/material-theme-jetbrains,7791,9.99,17,274,357,2141,14517,33498,19592,9765,4141,29.15,4.33,2.25,84.42,8.24,https://github.com/ChrisRM/material-theme-jetbrains,https://github.com/ChrisRM/material-theme-jetbrains.git,2015-09-23T07:15:04Z,
trello-archive/RxLifecycle,7692,10.16,22,52,81,344,2368,5244,3559,815,870,15.54,6.46,1.65,1.41,4.7,https://github.com/trello-archive/RxLifecycle,https://github.com/trello-archive/RxLifecycle.git,2015-07-20T13:32:23Z,
goldze/MVVMHabit,7683,8.16,3,138,319,1126,9110,14490,9235,3347,1908,23.1,3.58,1.27,15.76,6.43,https://github.com/goldze/MVVMHabit,https://github.com/goldze/MVVMHabit.git,2017-07-21T10:38:40Z,
krahets/LeetCode-Book,7677,3.75,0,120,258,303,3121,5241,3650,1036,555,19.77,1.33,1.0,0.09,3.12,https://github.com/krahets/LeetCode-Book,https://github.com/krahets/LeetCode-Book.git,2021-12-17T14:16:02Z,
vipshop/vjtools,7672,7.31,9,232,379,1992,18382,29411,18505,6076,4830,20.66,3.13,1.28,26.3,9.99,https://github.com/vipshop/vjtools,https://github.com/vipshop/vjtools.git,2018-05-29T09:07:08Z,
lecho/hellocharts-android,7657,10.94,14,107,153,1168,10995,14014,9848,1844,2322,13.16,6.3,1.52,40.29,13.6,https://github.com/lecho/hellocharts-android,https://github.com/lecho/hellocharts-android.git,2014-10-12T09:12:37Z,
Tencent/Shadow,7640,6.27,5,444,674,2667,21905,36588,23531,7399,5658,20.22,4.26,1.78,17.33,6.59,https://github.com/Tencent/Shadow,https://github.com/Tencent/Shadow.git,2019-06-13T10:50:27Z,
gedoor/MyBookshelf,7620,7.27,165,330,669,4663,48375,64094,50100,6315,7679,9.85,6.34,1.47,58.66,15.0,https://github.com/gedoor/MyBookshelf,https://github.com/gedoor/MyBookshelf.git,2018-06-12T03:48:07Z,
google/android-classyshark,7590,9.93,17,133,212,900,8714,14094,9279,2446,2369,17.35,3.17,1.28,10.25,7.98,https://github.com/google/android-classyshark,https://github.com/google/android-classyshark.git,2015-10-12T13:40:48Z,
PowerJob/PowerJob,7589,5.51,51,664,755,2062,24684,51226,31637,11520,8069,22.49,5.78,1.18,5.14,5.92,https://github.com/PowerJob/PowerJob,https://github.com/PowerJob/PowerJob.git,2020-03-16T09:19:55Z,
Graylog2/graylog2-server,7803,15.34,0,5404,7027,35585,239298,549286,366888,106255,76143,19.34,8.09,1.33,18.81,6.87,https://github.com/Graylog2/graylog2-server,https://github.com/Graylog2/graylog2-server.git,2010-05-17T21:27:02Z,
koush/AndroidAsync,7548,13.07,0,203,543,2081,18086,22884,16711,3066,3107,13.4,3.61,1.53,19.44,6.77,https://github.com/koush/AndroidAsync,https://github.com/koush/AndroidAsync.git,2012-08-24T07:27:04Z,
jeecgboot/jimureport,7540,5.78,29,12,12,25,300,750,510,157,83,20.93,6.75,1.08,2.33,4.67,https://github.com/jeecgboot/jimureport,https://github.com/jeecgboot/jimureport.git,2019-12-05T12:25:59Z,
kaushikgopal/RxJava-Android-Samples,7527,11.16,0,40,86,343,2633,4286,3334,187,765,4.36,6.63,1.83,9.2,4.83,https://github.com/kaushikgopal/RxJava-Android-Samples,https://github.com/kaushikgopal/RxJava-Android-Samples.git,2014-07-23T05:13:52Z,
google/closure-compiler,7570,11.42,0,1241,2686,36130,308284,649338,442468,101383,105487,15.61,6.62,1.5,1272.11,24.37,https://github.com/google/closure-compiler,https://github.com/google/closure-compiler.git,2014-04-16T15:30:36Z,
kevin-wayne/algs4,7503,10.05,0,201,279,2500,22522,56546,22844,28063,5639,49.63,4.0,1.02,47.47,25.39,https://github.com/kevin-wayne/algs4,https://github.com/kevin-wayne/algs4.git,2015-08-31T09:28:49Z,
yuanguangxin/LeetCode,7469,5.68,0,141,145,246,3441,4497,3532,415,550,9.23,1.24,1.0,0.84,5.77,https://github.com/yuanguangxin/LeetCode,https://github.com/yuanguangxin/LeetCode.git,2020-01-11T01:02:02Z,
swagger-api/swagger-core,7454,14.21,121,954,1476,5410,42416,88887,70902,6017,11968,6.77,4.75,1.22,49.71,6.69,https://github.com/swagger-api/swagger-core,https://github.com/swagger-api/swagger-core.git,2011-07-05T23:44:11Z,
mapstruct/mapstruct,7499,13.31,35,3853,4594,15350,96528,199288,126373,38797,34118,19.47,3.88,1.18,10.47,4.43,https://github.com/mapstruct/mapstruct,https://github.com/mapstruct/mapstruct.git,2012-05-28T12:42:42Z,
gunnarmorling/1brc,7428,1.72,0,174,600,2784,53431,56568,42210,7332,7026,12.96,3.3,1.09,7.58,12.1,https://github.com/gunnarmorling/1brc,https://github.com/gunnarmorling/1brc.git,2023-12-28T09:13:24Z,
lenve/VBlog,7420,7.73,0,27,29,177,781,1440,1054,136,250,9.44,4.55,1.03,29.07,7.52,https://github.com/lenve/VBlog,https://github.com/lenve/VBlog.git,2017-12-26T11:01:55Z,
dyc87112/SpringCloud-Learning,7404,9.08,0,345,314,1866,13482,27229,18137,5225,3867,19.19,5.86,1.04,28.55,10.11,https://github.com/dyc87112/SpringCloud-Learning,https://github.com/dyc87112/SpringCloud-Learning.git,2016-08-21T03:39:52Z,
abel533/Mapper,7370,10.82,8,390,458,2226,19104,37571,21524,11452,4595,30.48,5.06,1.24,36.18,7.49,https://github.com/abel533/Mapper,https://github.com/abel533/Mapper.git,2014-11-21T11:02:10Z,
leolin310148/ShortcutBadger,7353,11.84,0,26,31,83,885,1692,1177,240,275,14.18,5.29,1.16,3.48,5.58,https://github.com/leolin310148/ShortcutBadger,https://github.com/leolin310148/ShortcutBadger.git,2013-11-15T12:51:52Z,
enso-org/enso,7437,8.75,481,1851,2521,14577,116056,210930,160841,22727,27362,10.77,6.41,1.66,35.92,9.79,https://github.com/enso-org/enso,https://github.com/enso-org/enso.git,2016-12-16T17:23:37Z,
Qihoo360/RePlugin,7339,8.28,19,310,456,2600,30275,54321,30171,17380,6770,31.99,5.2,1.42,32.02,15.64,https://github.com/Qihoo360/RePlugin,https://github.com/Qihoo360/RePlugin.git,2017-06-08T09:39:09Z,
square/dagger,7300,13.13,0,123,405,806,8017,13562,8889,3168,1505,23.36,3.18,1.23,6.0,3.57,https://github.com/square/dagger,https://github.com/square/dagger.git,2012-08-02T23:25:32Z,
MinecraftForge/MinecraftForge,7299,13.64,0,1028,1672,8113,63157,117818,74420,27319,16079,23.19,7.15,2.11,37.92,7.71,https://github.com/MinecraftForge/MinecraftForge,https://github.com/MinecraftForge/MinecraftForge.git,2012-01-30T01:35:01Z,
Bearded-Hen/Android-Bootstrap,7270,11.88,5,65,79,531,10389,14417,12221,920,1276,6.38,6.96,1.67,31.39,11.62,https://github.com/Bearded-Hen/Android-Bootstrap,https://github.com/Bearded-Hen/Android-Bootstrap.git,2013-11-01T15:36:17Z,
pedant/sweet-alert-dialog,7249,10.92,2,6,16,84,943,1084,920,29,135,2.68,4.38,1.25,31.06,11.38,https://github.com/pedant/sweet-alert-dialog,https://github.com/pedant/sweet-alert-dialog.git,2014-10-19T09:24:09Z,
AntennaPod/AntennaPod,7248,13.14,62,585,817,4696,51773,73326,60006,4095,9225,5.58,7.44,1.5,21.43,13.22,https://github.com/AntennaPod/AntennaPod,https://github.com/AntennaPod/AntennaPod.git,2012-07-31T10:25:08Z,
crazycodeboy/TakePhoto,7242,10.13,15,39,55,302,2403,3769,2531,773,465,20.51,5.05,1.25,10.89,10.35,https://github.com/crazycodeboy/TakePhoto,https://github.com/crazycodeboy/TakePhoto.git,2015-08-04T02:05:32Z,
Exrick/xmall,7234,8.14,0,250,316,5344,45165,48055,35855,1964,10236,4.09,4.31,1.16,616.37,19.88,https://github.com/Exrick/xmall,https://github.com/Exrick/xmall.git,2017-07-28T01:49:49Z,
geeeeeeeeek/WeChatLuckyMoney,7223,9.97,20,13,21,85,931,1307,1021,88,198,6.73,5.38,1.38,8.81,10.52,https://github.com/geeeeeeeeek/WeChatLuckyMoney,https://github.com/geeeeeeeeek/WeChatLuckyMoney.git,2015-09-30T16:11:20Z,
gocd/gocd,7296,11.77,86,3895,5406,33805,267989,463202,326282,63927,72993,13.8,7.48,1.26,37.49,8.62,https://github.com/gocd/gocd,https://github.com/gocd/gocd.git,2013-12-13T05:26:16Z,
cymcsg/UltimateRecyclerView,7201,10.64,9,173,382,2021,16083,25282,16362,5024,3896,19.87,5.21,1.69,41.39,9.86,https://github.com/cymcsg/UltimateRecyclerView,https://github.com/cymcsg/UltimateRecyclerView.git,2015-01-28T02:27:45Z,
google/agera,7166,9.75,16,143,290,1565,10897,21081,14003,4372,2706,20.74,6.33,1.24,14.84,6.9,https://github.com/google/agera,https://github.com/google/agera.git,2015-12-17T13:22:58Z,
dependency-check/DependencyCheck,7190,13.04,85,484,491,3588,41197,91719,50316,33845,7558,36.9,6.83,1.81,60.19,18.65,https://github.com/dependency-check/DependencyCheck,https://github.com/dependency-check/DependencyCheck.git,2012-09-03T20:43:30Z,
NanoHttpd/nanohttpd,7162,13.11,3,87,144,714,7106,12846,7496,3655,1695,28.45,4.34,1.79,22.16,8.88,https://github.com/NanoHttpd/nanohttpd,https://github.com/NanoHttpd/nanohttpd.git,2012-08-10T21:52:42Z,
ogaclejapan/SmartTabLayout,7096,10.59,0,22,45,231,1912,3093,1920,673,500,21.76,6.36,1.64,9.71,8.0,https://github.com/ogaclejapan/SmartTabLayout,https://github.com/ogaclejapan/SmartTabLayout.git,2015-02-14T11:25:51Z,
Genymobile/gnirehtet,7085,8.6,12,55,81,516,4330,6515,4436,1062,1017,16.3,3.77,1.19,14.3,10.99,https://github.com/Genymobile/gnirehtet,https://github.com/Genymobile/gnirehtet.git,2017-02-09T16:01:13Z,
didi/KnowStreaming,7143,5.5,23,909,934,3041,31517,67478,47374,7651,12453,11.34,6.97,1.81,10.32,7.08,https://github.com/didi/KnowStreaming,https://github.com/didi/KnowStreaming.git,2020-03-19T05:13:51Z,
JakeWharton/ActionBarSherlock,7075,14.54,32,158,427,2867,26463,42003,25332,11114,5557,26.46,6.28,1.95,63.4,13.98,https://github.com/JakeWharton/ActionBarSherlock,https://github.com/JakeWharton/ActionBarSherlock.git,2011-03-07T17:28:54Z,
naman14/Timber,7057,10.27,5,164,453,1856,21859,28386,20566,3314,4506,11.67,5.4,1.46,19.75,9.08,https://github.com/naman14/Timber,https://github.com/naman14/Timber.git,2015-06-12T16:43:55Z,
Alluxio/alluxio,7070,12.74,61,2860,4027,26100,252449,496590,324418,119525,52647,24.07,6.98,1.48,30.66,11.67,https://github.com/Alluxio/alluxio,https://github.com/Alluxio/alluxio.git,2012-12-21T17:43:46Z,
google/error-prone,7037,11.08,57,2005,3139,15089,108004,373473,259212,58198,56063,15.58,7.82,1.53,25.52,8.1,https://github.com/google/error-prone,https://github.com/google/error-prone.git,2014-08-21T23:26:50Z,
AutoMQ/automq,7050,2.08,70,5873,9237,67349,669303,1252544,870389,221428,160727,17.68,7.19,1.35,45.37,12.17,https://github.com/AutoMQ/automq,https://github.com/AutoMQ/automq.git,2023-08-17T07:50:13Z,
NLPchina/elasticsearch-sql,7034,11.07,272,236,276,2553,32893,47139,36274,3858,7007,8.18,9.6,2.08,190.2,27.07,https://github.com/NLPchina/elasticsearch-sql,https://github.com/NLPchina/elasticsearch-sql.git,2014-08-24T14:26:31Z,
h2pl/JavaTutorial,7029,7.38,1,3,3,3,14,41,20,9,12,21.95,0.33,1.0,0.33,1.0,https://github.com/h2pl/JavaTutorial,https://github.com/h2pl/JavaTutorial.git,2018-05-01T15:57:21Z,
mrniko/netty-socketio,6998,13.68,19,128,169,864,6233,11515,6982,2757,1776,23.94,4.96,1.27,33.02,8.63,https://github.com/mrniko/netty-socketio,https://github.com/mrniko/netty-socketio.git,2012-01-12T11:43:49Z,
rest-assured/rest-assured,7025,14.92,0,507,704,5566,28601,79005,42089,27336,9580,34.6,6.16,1.2,106.02,9.63,https://github.com/rest-assured/rest-assured,https://github.com/rest-assured/rest-assured.git,2010-10-21T08:35:43Z,
DroidPluginTeam/DroidPlugin,6961,10.06,2,186,786,1494,22301,28002,18175,6328,3499,22.6,3.3,4.39,3.7,5.4,https://github.com/DroidPluginTeam/DroidPlugin,https://github.com/DroidPluginTeam/DroidPlugin.git,2015-08-27T11:14:57Z,
wiremock/wiremock,6980,13.95,51,933,1299,8319,52641,110583,78061,15287,17235,13.82,5.91,1.36,74.05,8.32,https://github.com/wiremock/wiremock,https://github.com/wiremock/wiremock.git,2011-10-09T20:27:24Z,
alibaba/jvm-sandbox,6921,8.13,13,210,435,1697,14407,26461,16572,5865,4024,22.16,3.48,1.33,12.36,6.43,https://github.com/alibaba/jvm-sandbox,https://github.com/alibaba/jvm-sandbox.git,2017-08-03T02:55:31Z,
hongyangAndroid/okhttputils,6859,10.09,0,44,70,235,1961,3473,2611,270,592,7.77,3.73,1.46,6.2,6.1,https://github.com/hongyangAndroid/okhttputils,https://github.com/hongyangAndroid/okhttputils.git,2015-08-17T14:53:29Z,
Meituan-Dianping/walle,6845,8.69,1,50,94,398,4633,8593,4598,3142,853,36.56,3.15,1.19,8.69,9.11,https://github.com/Meituan-Dianping/walle,https://github.com/Meituan-Dianping/walle.git,2017-01-10T03:39:25Z,
exadel-inc/CompreFace,6892,5.2,11,325,333,968,7766,22581,15910,2939,3732,13.02,7.85,1.66,3.89,3.8,https://github.com/exadel-inc/CompreFace,https://github.com/exadel-inc/CompreFace.git,2020-07-06T08:29:43Z,
rabbitmq/rabbitmq-tutorials,6805,14.99,0,77,51,125,1479,4167,2883,537,747,12.89,4.82,1.0,2.29,4.49,https://github.com/rabbitmq/rabbitmq-tutorials,https://github.com/rabbitmq/rabbitmq-tutorials.git,2010-09-21T11:41:26Z,
macrozheng/springcloud-learning,6836,6.03,0,340,225,924,5657,16520,11351,2356,2813,14.26,4.91,1.02,86.11,4.57,https://github.com/macrozheng/springcloud-learning,https://github.com/macrozheng/springcloud-learning.git,2019-09-07T02:36:16Z,
zo0r/react-native-push-notification,6787,9.76,35,15,29,134,1884,2675,2057,157,461,5.87,6.31,1.24,15.48,14.41,https://github.com/zo0r/react-native-push-notification,https://github.com/zo0r/react-native-push-notification.git,2015-12-14T19:53:36Z,
CoderLeixiaoshuai/java-eight-part,6786,4.92,0,0,0,0,0,0,0,0,0,,,,,,https://github.com/CoderLeixiaoshuai/java-eight-part,https://github.com/CoderLeixiaoshuai/java-eight-part.git,2020-10-16T16:27:04Z,no_java_files
smuyyh/BookReader,6782,9.13,0,289,699,2957,30914,44535,29252,9386,5897,21.08,4.8,1.44,25.32,8.28,https://github.com/smuyyh/BookReader,https://github.com/smuyyh/BookReader.git,2016-08-03T05:17:27Z,
junit-team/junit-framework,6789,10.68,97,1656,3428,13794,98490,209801,126222,50973,32606,24.3,4.68,1.31,36.35,4.9,https://github.com/junit-team/junit-framework,https://github.com/junit-team/junit-framework.git,2015-01-11T19:06:10Z,
guardianproject/haven,6724,8.55,37,41,79,412,4561,7731,5279,911,1541,11.78,6.82,1.39,11.77,11.87,https://github.com/guardianproject/haven,https://github.com/guardianproject/haven.git,2017-03-01T03:20:03Z,
markzhai/AndroidPerformanceMonitor,6723,9.67,0,31,54,227,2234,3401,2307,643,451,18.91,4.07,1.28,14.07,8.44,https://github.com/markzhai/AndroidPerformanceMonitor,https://github.com/markzhai/AndroidPerformanceMonitor.git,2016-01-17T05:23:22Z,
getActivity/AndroidProject,6715,6.9,17,158,358,1907,20468,26930,18364,4546,4020,16.88,7.22,2.14,19.18,10.59,https://github.com/getActivity/AndroidProject,https://github.com/getActivity/AndroidProject.git,2018-10-23T10:30:55Z,
Angel-ML/angel,6775,8.4,19,1664,1902,15798,205066,296373,213413,46597,36363,15.72,7.48,1.73,63.42,26.29,https://github.com/Angel-ML/angel,https://github.com/Angel-ML/angel.git,2017-04-25T05:57:43Z,
fuzhengwei/itstack-demo-design,6714,5.33,0,245,215,720,3979,8426,5573,904,1949,10.73,2.14,1.11,5.33,4.38,https://github.com/fuzhengwei/itstack-demo-design,https://github.com/fuzhengwei/itstack-demo-design.git,2020-05-20T13:45:30Z,
zouzg/mybatis-generator-gui,6709,9.36,16,35,39,310,3047,4338,3485,245,608,5.65,7.18,1.49,69.95,15.26,https://github.com/zouzg/mybatis-generator-gui,https://github.com/zouzg/mybatis-generator-gui.git,2016-05-08T22:39:39Z,
gzu-liyujiang/AndroidPicker,6712,9.91,57,169,239,1636,13541,23812,15114,5653,3045,23.74,5.44,1.64,51.72,13.42,https://github.com/gzu-liyujiang/AndroidPicker,https://github.com/gzu-liyujiang/AndroidPicker.git,2015-10-21T14:21:16Z,
527515025/springBoot,6701,8.86,0,302,264,1117,6408,15379,10399,2271,2709,14.77,5.14,1.15,16.11,5.07,https://github.com/527515025/springBoot,https://github.com/527515025/springBoot.git,2016-11-07T02:13:31Z,
hongyangAndroid/AndroidAutoLayout,6674,9.83,0,60,78,321,2370,4123,3144,268,711,6.5,5.83,2.0,8.81,6.88,https://github.com/hongyangAndroid/AndroidAutoLayout,https://github.com/hongyangAndroid/AndroidAutoLayout.git,2015-11-19T02:09:11Z,
Meituan-Dianping/Leaf,6666,6.77,0,33,40,168,1305,1775,1443,85,247,4.79,3.48,1.43,11.25,6.3,https://github.com/Meituan-Dianping/Leaf,https://github.com/Meituan-Dianping/Leaf.git,2018-12-11T07:41:35Z,
Col-E/Recaf,6651,8.15,170,1199,1534,8164,72017,146473,93930,37508,15035,25.61,8.43,1.6,26.96,10.62,https://github.com/Col-E/Recaf,https://github.com/Col-E/Recaf.git,2017-07-27T06:01:10Z,
yanzhenjie/AndPermission,6643,9.02,0,105,168,532,4486,8063,4635,2407,1021,29.85,3.99,1.17,7.49,5.7,https://github.com/yanzhenjie/AndPermission,https://github.com/yanzhenjie/AndPermission.git,2016-09-11T05:17:34Z,
apache/storm,6653,11.87,5,2014,4388,27560,359172,397104,284674,61684,50746,15.53,5.33,1.22,48.82,13.53,https://github.com/apache/storm,https://github.com/apache/storm.git,2013-11-05T08:00:14Z,
apache/hertzbeat,6610,3.61,6,1164,1453,5505,61919,132527,82137,33575,16815,25.33,7.02,1.26,10.43,7.75,https://github.com/apache/hertzbeat,https://github.com/apache/hertzbeat.git,2022-02-04T14:48:56Z,
quartz-scheduler/quartz,6606,9.53,5,365,502,4006,34643,80317,39534,29419,11364,36.63,5.58,1.44,119.37,15.32,https://github.com/quartz-scheduler/quartz,https://github.com/quartz-scheduler/quartz.git,2016-03-07T14:05:37Z,
GrenderG/Toasty,6597,8.66,19,7,16,77,487,729,553,73,103,10.01,4.06,1.06,56.62,5.81,https://github.com/GrenderG/Toasty,https://github.com/GrenderG/Toasty.git,2017-01-18T18:52:41Z,
raphw/byte-buddy,6608,11.81,304,1213,6152,22082,286249,301828,179471,85184,37173,28.22,6.02,1.57,14.86,5.04,https://github.com/raphw/byte-buddy,https://github.com/raphw/byte-buddy.git,2013-11-25T19:38:03Z,
JesusFreke/smali,6535,12.99,0,737,1152,5135,46762,83537,47712,25528,10297,30.56,5.98,1.64,15.02,8.7,https://github.com/JesusFreke/smali,https://github.com/JesusFreke/smali.git,2012-09-23T19:51:16Z,
apache/zeppelin,6559,10.49,0,834,2106,13739,190374,205101,150137,27724,27240,13.52,5.76,1.25,43.09,13.52,https://github.com/apache/zeppelin,https://github.com/apache/zeppelin.git,2015-03-25T07:00:06Z,
NLPchina/ansj_seg,6530,13.04,3,211,218,954,12062,21563,14929,2993,3641,13.88,6.26,1.19,9.57,12.89,https://github.com/NLPchina/ansj_seg,https://github.com/NLPchina/ansj_seg.git,2012-09-05T05:56:24Z,
MuntashirAkon/AppManager,6515,5.3,76,942,1554,10950,126119,173893,136154,18519,19220,10.65,7.98,1.48,74.23,17.82,https://github.com/MuntashirAkon/AppManager,https://github.com/MuntashirAkon/AppManager.git,2020-05-30T04:08:56Z,
FongMi/TV,6513,3.24,0,390,645,5204,30425,41918,34463,89,7366,0.21,6.56,1.4,102.07,14.16,https://github.com/FongMi/TV,https://github.com/FongMi/TV.git,2022-06-22T09:10:23Z,
processing/processing,6504,12.65,48,240,922,8933,110008,170916,94535,47503,28878,27.79,3.73,1.64,507.76,26.04,https://github.com/processing/processing,https://github.com/processing/processing.git,2013-01-24T21:17:22Z,
ximsfei/Android-skin-support,6503,8.68,0,325,406,2032,19543,30478,23813,2385,4280,7.83,6.13,1.39,17.63,10.63,https://github.com/ximsfei/Android-skin-support,https://github.com/ximsfei/Android-skin-support.git,2017-01-12T15:03:54Z,
jOOQ/jOOQ,6520,14.43,105,2636,3307,48109,222260,779383,325115,289495,164773,37.14,9.73,1.72,1672.97,23.27,https://github.com/jOOQ/jOOQ,https://github.com/jOOQ/jOOQ.git,2011-04-17T10:43:33Z,
getActivity/XXPermissions,6484,7.26,72,108,194,1022,8952,16507,10582,3795,2130,22.99,6.65,1.55,86.44,11.46,https://github.com/getActivity/XXPermissions,https://github.com/getActivity/XXPermissions.git,2018-06-15T14:31:29Z,
jd-opensource/joyagent-jdgenie,6448,0.17,0,85,135,305,5079,7573,5770,803,1000,10.6,4.79,1.1,4.3,6.53,https://github.com/jd-opensource/joyagent-jdgenie,https://github.com/jd-opensource/joyagent-jdgenie.git,2025-07-16T02:59:53Z,
wxiaoqi/Spring-Cloud-Platform,6433,8.32,3,172,177,1098,6014,13023,7691,3356,1976,25.77,4.89,1.41,57.65,8.19,https://github.com/wxiaoqi/Spring-Cloud-Platform,https://github.com/wxiaoqi/Spring-Cloud-Platform.git,2017-05-25T10:35:26Z,
traccar/traccar,6456,13.43,63,1412,1803,4630,67605,128951,89512,16184,23255,12.55,5.61,1.96,5.93,7.73,https://github.com/traccar/traccar,https://github.com/traccar/traccar.git,2012-04-16T08:33:49Z,
ArthurHub/Android-Image-Cropper,6425,10.68,32,18,40,371,4655,8427,5269,2060,1098,24.45,7.72,1.38,70.38,26.75,https://github.com/ArthurHub/Android-Image-Cropper,https://github.com/ArthurHub/Android-Image-Cropper.git,2015-01-15T10:49:37Z,
vinc3m1/RoundedImageView,6422,12.57,19,8,15,121,1265,1913,1337,302,274,15.79,8.4,1.8,107.47,17.27,https://github.com/vinc3m1/RoundedImageView,https://github.com/vinc3m1/RoundedImageView.git,2013-02-22T01:17:37Z,
pig-mesh/pig,6419,6.06,19,382,380,940,7543,31192,13553,13632,4007,43.7,6.91,1.31,5.33,3.78,https://github.com/pig-mesh/pig,https://github.com/pig-mesh/pig.git,2019-08-26T03:24:53Z,
AsyncHttpClient/async-http-client,6390,14.54,7,344,579,3353,29573,49322,30707,12109,6506,24.55,5.8,1.57,41.5,9.5,https://github.com/AsyncHttpClient/async-http-client,https://github.com/AsyncHttpClient/async-http-client.git,2011-03-07T13:41:46Z,
aa112901/remusic,6358,9.49,0,272,845,3999,47786,56413,40954,7021,8438,12.45,5.19,1.45,41.65,9.64,https://github.com/aa112901/remusic,https://github.com/aa112901/remusic.git,2016-03-24T06:20:39Z,
vespa-engine/vespa,6348,9.29,239,8036,11453,71166,597189,921163,682619,104662,133882,11.36,6.02,1.61,37.91,10.5,https://github.com/vespa-engine/vespa,https://github.com/vespa-engine/vespa.git,2016-06-03T20:54:20Z,
sshahine/JFoenix,6344,10.03,0,207,425,2156,24546,37544,25164,7634,4746,20.33,6.92,1.62,22.08,10.36,https://github.com/sshahine/JFoenix,https://github.com/sshahine/JFoenix.git,2015-09-08T14:04:24Z,
joelittlejohn/jsonschema2pojo,6333,12.24,63,222,271,1949,14294,32043,18539,6938,6566,21.65,6.7,1.14,77.69,10.68,https://github.com/joelittlejohn/jsonschema2pojo,https://github.com/joelittlejohn/jsonschema2pojo.git,2013-06-22T22:28:53Z,
wasabeef/richeditor-android,6330,10.47,0,6,43,111,804,900,686,59,155,6.56,2.42,1.14,46.95,3.21,https://github.com/wasabeef/richeditor-android,https://github.com/wasabeef/richeditor-android.git,2015-03-30T16:19:20Z,
micronaut-projects/micronaut-core,6299,7.53,311,4434,4885,23120,174684,396916,228096,125787,43033,31.69,5.75,1.32,36.3,8.21,https://github.com/micronaut-projects/micronaut-core,https://github.com/micronaut-projects/micronaut-core.git,2018-03-07T12:05:08Z,
amitshekhariitbhu/from-java-to-kotlin,6293,8.33,0,2,2,8,37,56,43,0,13,0.0,0.5,1.0,0.0,7.0,https://github.com/amitshekhariitbhu/from-java-to-kotlin,https://github.com/amitshekhariitbhu/from-java-to-kotlin.git,2017-05-21T11:56:27Z,
koush/ion,6274,12.33,0,127,289,956,9443,13438,9700,2062,1676,15.34,4.58,1.46,23.6,6.67,https://github.com/koush/ion,https://github.com/koush/ion.git,2013-05-22T07:41:23Z,
648540858/wvp-GB28181-pro,6264,4.84,1,714,749,4739,47139,85082,63632,9565,11885,11.24,8.27,1.3,35.13,14.38,https://github.com/648540858/wvp-GB28181-pro,https://github.com/648540858/wvp-GB28181-pro.git,2020-11-14T14:16:37Z,
lightbend/config,6259,13.79,3,118,200,1528,13186,19315,12129,4797,2389,24.84,5.47,2.06,76.18,15.98,https://github.com/lightbend/config,https://github.com/lightbend/config.git,2011-12-06T08:02:29Z,
hazelcast/hazelcast,6391,13.5,200,11188,16788,149850,1103142,1973924,1354563,343803,275558,17.42,7.91,1.78,44.87,12.33,https://github.com/hazelcast/hazelcast,https://github.com/hazelcast/hazelcast.git,2012-03-21T12:25:18Z,
haifengl/smile,6258,10.83,34,1211,1346,11351,102612,234044,123289,85743,25012,36.64,5.7,1.35,102.92,17.09,https://github.com/haifengl/smile,https://github.com/haifengl/smile.git,2014-11-20T16:28:12Z,
ityouknow/spring-cloud-examples,6225,8.39,0,132,60,74,385,2296,1741,34,521,1.48,3.9,1.02,0.47,1.28,https://github.com/ityouknow/spring-cloud-examples,https://github.com/ityouknow/spring-cloud-examples.git,2017-04-28T08:48:53Z,
apache/flink-cdc,6224,5.14,22,1343,1887,12142,115199,274644,202946,41187,30511,15.0,8.28,1.47,29.99,11.88,https://github.com/apache/flink-cdc,https://github.com/apache/flink-cdc.git,2020-07-27T19:23:33Z,
gephi/gephi,6206,13.91,19,1329,2389,12670,125587,225800,131441,60650,33709,26.86,4.43,1.67,24.68,10.1,https://github.com/gephi/gephi,https://github.com/gephi/gephi.git,2011-10-22T03:14:46Z,
graphql-java/graphql-java,6196,10.21,93,762,1348,8780,70097,106335,75079,15482,15774,14.56,8.15,1.37,33.5,10.15,https://github.com/graphql-java/graphql-java,https://github.com/graphql-java/graphql-java.git,2015-07-06T06:52:20Z,
DerekYRC/mini-spring,6190,4.83,0,145,149,407,2472,5246,3172,1102,972,21.01,3.41,1.22,5.08,3.82,https://github.com/DerekYRC/mini-spring,https://github.com/DerekYRC/mini-spring.git,2020-11-17T11:59:18Z,
logisim-evolution/logisim-evolution,6188,11.0,31,1136,1905,12922,161654,205875,164112,19015,22748,9.24,5.93,2.42,28.23,18.94,https://github.com/logisim-evolution/logisim-evolution,https://github.com/logisim-evolution/logisim-evolution.git,2014-09-19T05:23:24Z,
Javen205/IJPay,6174,8.38,24,271,273,1628,14136,37197,20581,12537,4079,33.7,5.59,1.37,139.4,9.43,https://github.com/Javen205/IJPay,https://github.com/Javen205/IJPay.git,2017-05-02T03:15:32Z,
jetlinks/jetlinks-community,6154,5.71,20,1380,1842,7723,60428,144487,94163,31287,19037,21.65,8.76,1.27,11.76,6.71,https://github.com/jetlinks/jetlinks-community,https://github.com/jetlinks/jetlinks-community.git,2020-01-02T07:27:34Z,
google/grafika,6134,11.75,1,52,103,586,10035,14547,8421,4378,1748,30.1,6.41,1.75,6.89,13.42,https://github.com/google/grafika,https://github.com/google/grafika.git,2013-12-19T18:36:53Z,
hibernate/hibernate-orm,6236,14.96,111,15975,25500,140459,1067842,1901475,1378265,249116,274094,13.1,6.78,1.39,76.3,7.87,https://github.com/hibernate/hibernate-orm,https://github.com/hibernate/hibernate-orm.git,2010-10-04T16:15:52Z,
auth0/java-jwt,6126,11.53,45,76,86,1125,8924,14219,10322,1654,2243,11.63,5.66,1.63,142.74,16.4,https://github.com/auth0/java-jwt,https://github.com/auth0/java-jwt.git,2014-03-07T15:06:11Z,
ikew0ng/SwipeBackLayout,6123,12.07,0,10,18,161,1635,2772,1594,820,358,29.58,5.22,1.39,61.33,24.61,https://github.com/ikew0ng/SwipeBackLayout,https://github.com/ikew0ng/SwipeBackLayout.git,2013-08-25T03:36:12Z,
nayuki/QR-Code-generator,6119,9.43,5,18,19,142,1823,4413,2302,1476,635,33.45,3.95,1.42,19.58,35.68,https://github.com/nayuki/QR-Code-generator,https://github.com/nayuki/QR-Code-generator.git,2016-04-15T02:19:41Z,
daimajia/NumberProgressBar,6104,11.39,3,3,6,47,380,588,398,87,103,14.8,3.17,1.33,91.83,12.0,https://github.com/daimajia/NumberProgressBar,https://github.com/daimajia/NumberProgressBar.git,2014-05-01T08:54:25Z,
rengwuxian/MaterialEditText,6099,10.89,19,12,26,406,3385,4844,3356,834,654,17.22,5.65,1.31,742.85,37.12,https://github.com/rengwuxian/MaterialEditText,https://github.com/rengwuxian/MaterialEditText.git,2014-10-30T10:07:23Z,
Vedenin/useful-java-links,6061,9.59,0,161,263,589,5964,10275,7001,1537,1737,14.96,2.3,1.02,1.83,2.73,https://github.com/Vedenin/useful-java-links,https://github.com/Vedenin/useful-java-links.git,2016-02-13T13:14:52Z,
alipay/SoloPi,6040,6.51,8,318,1170,4099,56327,72234,48455,13839,9940,19.16,4.62,1.21,13.14,8.37,https://github.com/alipay/SoloPi,https://github.com/alipay/SoloPi.git,2019-03-14T15:32:49Z,
LandGrey/SpringBootVulExploit,6034,5.33,0,23,14,43,258,572,459,5,108,0.87,3.36,1.0,3.57,4.14,https://github.com/LandGrey/SpringBootVulExploit,https://github.com/LandGrey/SpringBootVulExploit.git,2020-05-20T09:18:44Z,
singwhatiwanna/dynamic-load-apk,6030,11.47,0,37,62,356,2620,4060,2835,601,624,14.8,5.81,1.45,9.42,9.18,https://github.com/singwhatiwanna/dynamic-load-apk,https://github.com/singwhatiwanna/dynamic-load-apk.git,2014-03-30T11:51:00Z,
apache/incubator-kie-drools,6117,14.59,6,8979,11868,80901,766517,1259620,845341,237259,177020,18.84,6.59,1.6,65.39,13.19,https://github.com/apache/incubator-kie-drools,https://github.com/apache/incubator-kie-drools.git,2011-02-18T08:37:05Z,
LaurieWired/GhidraMCP,6027,0.48,5,2,3,59,1219,1689,1263,197,229,11.66,16.33,1.67,459.0,99.67,https://github.com/LaurieWired/GhidraMCP,https://github.com/LaurieWired/GhidraMCP.git,2025-03-23T05:36:55Z,
google/j2objc,6029,11.63,1,5157,0,0,0,1871831,974865,717949,179017,38.36,,,,,https://github.com/google/j2objc,https://github.com/google/j2objc.git,2014-01-30T20:19:56Z,ck_failed
pedrovgs/EffectiveAndroidUI,6015,11.21,0,54,73,347,1923,4277,2224,1510,543,35.31,4.44,1.34,11.62,5.53,https://github.com/pedrovgs/EffectiveAndroidUI,https://github.com/pedrovgs/EffectiveAndroidUI.git,2014-07-04T08:42:20Z,
rey5137/material,5988,10.78,10,78,305,2619,27346,34444,24631,4217,5596,12.24,6.51,1.65,54.5,20.26,https://github.com/rey5137/material,https://github.com/rey5137/material.git,2014-12-09T12:07:32Z,
graphhopper/graphhopper,6008,13.58,45,935,1359,9020,98846,147897,102006,27424,18467,18.54,6.85,1.24,33.0,12.98,https://github.com/graphhopper/graphhopper,https://github.com/graphhopper/graphhopper.git,2012-02-18T19:57:38Z,
google/physical-web,5982,10.97,17,63,156,772,7481,11461,7217,3016,1228,26.32,4.79,1.29,26.71,8.49,https://github.com/google/physical-web,https://github.com/google/physical-web.git,2014-09-30T18:32:14Z,
obsidiandynamics/kafdrop,5970,6.31,50,79,100,518,4215,6992,4851,1116,1025,15.96,5.52,1.32,28.21,8.24,https://github.com/obsidiandynamics/kafdrop,https://github.com/obsidiandynamics/kafdrop.git,2019-05-27T08:46:56Z,
wyouflf/xUtils3,5967,9.89,9,145,218,1372,12561,17143,12470,2024,2649,11.81,5.22,1.41,27.45,14.04,https://github.com/wyouflf/xUtils3,https://github.com/wyouflf/xUtils3.git,2015-10-28T10:56:04Z,
robolectric/robolectric,5966,15.06,110,2140,3976,29470,223653,378231,287962,36336,53933,9.61,5.92,1.36,72.47,10.73,https://github.com/robolectric/robolectric,https://github.com/robolectric/robolectric.git,2010-08-28T00:28:25Z,
btraceio/btrace,5957,11.06,33,561,763,4041,40896,69924,43512,19335,7077,27.65,4.97,1.31,93.14,11.5,https://github.com/btraceio/btrace,https://github.com/btraceio/btrace.git,2014-08-28T18:58:24Z,
liyifeng1994/ssm,5956,9.25,0,19,19,78,369,790,513,107,170,13.54,4.16,1.68,2.05,4.89,https://github.com/liyifeng1994/ssm,https://github.com/liyifeng1994/ssm.git,2016-06-18T17:58:56Z,
apache/camel,5953,16.33,0,23313,41502,199317,1857796,3205444,1874751,957398,373295,29.87,4.81,1.62,79.75,9.46,https://github.com/apache/camel,https://github.com/apache/camel.git,2009-05-21T00:25:36Z,
javaparser/javaparser,5942,13.89,55,1931,1971,17809,141454,338255,217043,82975,38237,24.53,9.72,1.9,308.36,18.78,https://github.com/javaparser/javaparser,https://github.com/javaparser/javaparser.git,2011-10-30T14:03:44Z,
springfox/springfox,5941,13.37,12,942,1134,5792,32063,78523,50891,17079,10553,21.75,5.7,1.12,23.24,6.64,https://github.com/springfox/springfox,https://github.com/springfox/springfox.git,2012-05-06T06:38:57Z,
apache/hudi,5935,8.76,31,3548,4556,30877,303697,623384,419707,129533,74144,20.78,9.18,1.57,59.91,12.04,https://github.com/apache/hudi,https://github.com/apache/hudi.git,2016-12-14T15:53:41Z,
apache/iotdb,5932,6.81,47,6949,8664,70332,754647,1440941,1084687,195286,160968,13.55,8.23,1.62,106.5,18.14,https://github.com/apache/iotdb,https://github.com/apache/iotdb.git,2018-11-24T21:29:17Z,
prolificinteractive/material-calendarview,5925,10.61,22,57,88,494,3658,6390,4226,1211,953,18.95,6.45,1.53,69.01,8.82,https://github.com/prolificinteractive/material-calendarview,https://github.com/prolificinteractive/material-calendarview.git,2015-02-09T22:31:56Z,
google/google-java-format,5920,10.36,35,81,165,1195,12753,23095,17639,3275,2181,14.18,5.73,1.42,66.8,15.95,https://github.com/google/google-java-format,https://github.com/google/google-java-format.git,2015-05-11T20:38:28Z,
antoniolg/androidmvp,5918,11.47,0,10,14,57,274,578,355,120,103,20.76,3.29,1.29,3.0,4.79,https://github.com/antoniolg/androidmvp,https://github.com/antoniolg/androidmvp.git,2014-04-02T05:42:20Z,
apache/pinot,5901,11.33,21,4953,7043,49067,556330,957673,673416,180644,103613,18.86,7.28,1.46,52.6,14.74,https://github.com/apache/pinot,https://github.com/apache/pinot.git,2014-05-19T23:27:48Z,
weibocom/motan,5896,9.41,28,589,844,4869,46901,71129,46520,14829,9780,20.85,5.97,1.43,32.72,10.89,https://github.com/weibocom/motan,https://github.com/weibocom/motan.git,2016-04-20T10:56:17Z,
journeyapps/zxing-android-embedded,5891,12.81,9,62,96,600,5169,8600,5224,2112,1264,24.56,5.44,1.36,21.92,11.74,https://github.com/journeyapps/zxing-android-embedded,https://github.com/journeyapps/zxing-android-embedded.git,2012-11-28T16:36:39Z,
ZhongFuCheng3y/austin,5890,3.86,0,287,348,526,6538,18870,10604,5730,2536,30.37,6.23,1.12,1.45,3.24,https://github.com/ZhongFuCheng3y/austin,https://github.com/ZhongFuCheng3y/austin.git,2021-11-06T09:36:01Z,
WeiYe-Jing/datax-web,5888,5.83,5,320,317,1316,13801,27344,16320,6829,4195,24.97,5.04,1.39,13.24,10.37,https://github.com/WeiYe-Jing/datax-web,https://github.com/WeiYe-Jing/datax-web.git,2019-11-19T01:09:05Z,
opengoofy/hippo4j,5884,4.25,18,984,1179,3383,29660,79091,39893,29190,10008,36.91,4.64,1.19,5.81,4.96,https://github.com/opengoofy/hippo4j,https://github.com/opengoofy/hippo4j.git,2021-06-16T02:59:48Z,
CeuiLiSA/Pixiv-Shaft,5879,6.47,114,423,1033,3815,36025,46043,35400,4046,6597,8.79,4.83,1.45,25.09,6.4,https://github.com/CeuiLiSA/Pixiv-Shaft,https://github.com/CeuiLiSA/Pixiv-Shaft.git,2019-04-01T09:59:09Z,
lets-blade/blade,5878,10.28,9,291,307,1810,15319,28838,18256,6479,4103,22.47,4.62,1.23,42.16,11.71,https://github.com/lets-blade/blade,https://github.com/lets-blade/blade.git,2015-06-10T03:35:49Z,
amitshekhariitbhu/Fast-Android-Networking,5844,9.49,10,130,575,1850,19596,23615,16504,3251,3860,13.77,3.22,1.25,13.77,4.7,https://github.com/amitshekhariitbhu/Fast-Android-Networking,https://github.com/amitshekhariitbhu/Fast-Android-Networking.git,2016-03-21T18:35:44Z,
alibaba/spring-ai-alibaba,5833,1.02,10,2222,3026,16302,148972,307391,181608,76705,49078,24.95,6.08,1.17,21.65,9.56,https://github.com/alibaba/spring-ai-alibaba,https://github.com/alibaba/spring-ai-alibaba.git,2024-09-09T01:35:50Z,
JSQLParser/JSqlParser,5813,14.24,37,703,815,8702,46427,86083,61610,10840,13633,12.59,6.29,1.55,513.59,14.28,https://github.com/JSQLParser/JSqlParser,https://github.com/JSQLParser/JSqlParser.git,2011-06-23T22:51:52Z,
youtube/api-samples,5806,11.78,0,29,42,122,2541,5870,3043,1968,859,33.53,6.4,1.0,4.38,8.79,https://github.com/youtube/api-samples,https://github.com/youtube/api-samples.git,2013-12-09T18:41:41Z,
ffay/lanproxy,5805,8.83,1,38,63,244,2668,3755,2645,419,691,11.16,4.24,1.19,8.21,7.11,https://github.com/ffay/lanproxy,https://github.com/ffay/lanproxy.git,2016-11-20T08:12:10Z,
Nightonke/BoomMenu,5804,9.5,0,67,115,763,7710,11017,8103,1638,1276,14.87,5.63,1.57,227.67,16.31,https://github.com/Nightonke/BoomMenu,https://github.com/Nightonke/BoomMenu.git,2016-03-19T12:04:12Z,
changmingxie/tcc-transaction,5796,9.79,8,424,519,3005,23664,31764,23292,2320,6152,7.3,5.25,1.31,29.74,8.56,https://github.com/changmingxie/tcc-transaction,https://github.com/changmingxie/tcc-transaction.git,2015-12-05T04:27:53Z,
apache/hive,5791,16.33,0,8289,20365,142040,2006814,2303066,1678542,337802,286722,14.67,6.9,1.41,94.12,16.9,https://github.com/apache/hive,https://github.com/apache/hive.git,2009-05-21T02:31:01Z,
vavr-io/vavr,5972,11.63,19,256,0,0,0,119736,70058,34703,14975,28.98,,,,,https://github.com/vavr-io/vavr,https://github.com/vavr-io/vavr.git,2014-01-30T14:07:25Z,ck_timeout
JakeWharton/DiskLruCache,5773,13.71,0,5,12,143,1937,2358,1740,378,240,16.03,3.25,1.33,11.0,26.67,https://github.com/JakeWharton/DiskLruCache,https://github.com/JakeWharton/DiskLruCache.git,2012-01-05T00:36:34Z,
dmytrodanylyk/circular-progress-button,5771,11.28,3,13,39,147,1429,1569,1248,18,303,1.15,3.97,1.28,25.33,5.82,https://github.com/dmytrodanylyk/circular-progress-button,https://github.com/dmytrodanylyk/circular-progress-button.git,2014-06-07T12:58:48Z,
Nepxion/Discovery,5743,7.24,132,694,828,3643,26230,48603,33071,6512,9020,13.4,4.72,1.3,18.8,7.65,https://github.com/Nepxion/Discovery,https://github.com/Nepxion/Discovery.git,2018-06-21T16:16:49Z,
Devlight/InfiniteCycleViewPager,5724,9.07,2,21,41,346,3564,4972,3694,606,672,12.19,5.05,1.63,102.54,25.12,https://github.com/Devlight/InfiniteCycleViewPager,https://github.com/Devlight/InfiniteCycleViewPager.git,2016-08-22T08:04:39Z,
k0shk0sh/FastHub,5727,8.58,63,598,934,5622,40321,59467,47698,2420,9349,4.07,8.01,1.61,34.76,11.4,https://github.com/k0shk0sh/FastHub,https://github.com/k0shk0sh/FastHub.git,2017-02-18T17:53:16Z,
yanzhenjie/SwipeRecyclerView,5705,9.12,0,128,275,1225,11063,18037,11308,4238,2491,23.5,4.85,1.39,26.97,8.51,https://github.com/yanzhenjie/SwipeRecyclerView,https://github.com/yanzhenjie/SwipeRecyclerView.git,2016-08-03T15:43:34Z,
springside/springside4,5685,13.57,3,200,315,1560,12842,22249,13236,5241,3772,23.56,3.17,1.28,24.78,8.0,https://github.com/springside/springside4,https://github.com/springside/springside4.git,2012-02-23T08:39:03Z,
jagrosh/MusicBot,5669,9.09,38,71,93,385,4097,7316,5215,1466,635,20.04,6.74,2.51,10.59,9.73,https://github.com/jagrosh/MusicBot,https://github.com/jagrosh/MusicBot.git,2016-08-14T18:46:29Z,
wasabeef/Blurry,5662,10.16,0,5,14,34,636,700,486,102,112,14.57,5.14,1.0,0.64,4.57,https://github.com/wasabeef/Blurry,https://github.com/wasabeef/Blurry.git,2015-07-23T14:12:08Z,
crazycodeboy/react-native-splash-screen,5660,9.01,12,6,12,26,246,363,251,69,43,19.01,3.42,1.25,2.0,4.08,https://github.com/crazycodeboy/react-native-splash-screen,https://github.com/crazycodeboy/react-native-splash-screen.git,2016-09-14T10:43:55Z,
hanks-zyh/HTextView,5649,9.75,0,55,91,299,3076,4234,3187,226,821,5.34,4.2,1.56,3.48,5.84,https://github.com/hanks-zyh/HTextView,https://github.com/hanks-zyh/HTextView.git,2015-12-19T16:34:59Z,
redis/lettuce,5636,11.36,135,1369,2020,18259,109317,256065,123408,86563,46094,33.81,6.37,1.39,166.45,11.87,https://github.com/redis/lettuce,https://github.com/redis/lettuce.git,2014-05-10T13:08:46Z,
daimajia/AndroidImageSlider,5616,11.3,5,32,63,314,3813,5659,3936,969,754,17.12,4.06,1.57,59.1,15.17,https://github.com/daimajia/AndroidImageSlider,https://github.com/daimajia/AndroidImageSlider.git,2014-06-02T06:04:17Z,
JanusGraph/janusgraph,5615,8.73,28,1359,1896,11602,104266,186599,123119,35619,27861,19.09,6.9,1.45,43.9,11.57,https://github.com/JanusGraph/janusgraph,https://github.com/JanusGraph/janusgraph.git,2016-12-26T13:26:29Z,
meefik/linuxdeploy,5608,13.08,37,28,37,252,2693,4253,3072,670,511,15.75,7.16,1.65,35.89,17.92,https://github.com/meefik/linuxdeploy,https://github.com/meefik/linuxdeploy.git,2012-08-21T04:49:14Z,
Suwayomi/Suwayomi-Server,5605,4.73,58,277,408,6546,40995,88414,42968,38324,7122,43.35,5.55,1.62,1509.54,26.26,https://github.com/Suwayomi/Suwayomi-Server,https://github.com/Suwayomi/Suwayomi-Server.git,2020-12-23T20:31:38Z,
ElderDrivers/EdXposed,5604,6.66,27,639,920,7355,71794,141706,72958,51474,17274,36.32,5.73,1.56,191.08,18.93,https://github.com/ElderDrivers/EdXposed,https://github.com/ElderDrivers/EdXposed.git,2019-01-18T16:18:19Z,
TommyLemon/Android-ZBLibrary,5598,10.08,25,157,318,1712,14727,29324,15375,7446,6503,25.39,5.38,1.56,26.67,10.6,https://github.com/TommyLemon/Android-ZBLibrary,https://github.com/TommyLemon/Android-ZBLibrary.git,2015-08-20T16:03:53Z,
hongyangAndroid/FlowLayout,5595,10.06,0,14,34,85,810,1210,956,56,198,4.63,4.32,1.41,5.0,4.09,https://github.com/hongyangAndroid/FlowLayout,https://github.com/hongyangAndroid/FlowLayout.git,2015-08-28T09:32:31Z,
amlcurran/ShowcaseView,5580,13.1,13,39,65,274,2086,3512,2195,762,555,21.7,5.38,1.4,17.82,6.32,https://github.com/amlcurran/ShowcaseView,https://github.com/amlcurran/ShowcaseView.git,2012-08-14T19:07:36Z,
baidu/uid-generator,5561,8.48,0,24,25,133,873,2385,1027,1023,335,42.89,2.88,1.28,11.72,8.68,https://github.com/baidu/uid-generator,https://github.com/baidu/uid-generator.git,2017-03-27T04:03:43Z,
knightliao/disconf,5553,11.31,12,401,425,1805,14009,31304,17054,7934,6316,25.35,4.44,1.36,12.62,7.62,https://github.com/knightliao/disconf,https://github.com/knightliao/disconf.git,2014-05-30T09:39:27Z,
nhaarman/ListViewAnimations,5545,12.5,14,79,137,714,5697,10790,6086,2887,1817,26.76,6.47,2.06,10.46,8.58,https://github.com/nhaarman/ListViewAnimations,https://github.com/nhaarman/ListViewAnimations.git,2013-03-19T11:59:23Z,
00-Evan/shattered-pixel-dungeon,5499,11.13,52,1259,2680,12007,158805,217290,152145,29454,35691,13.56,6.38,2.82,13.92,12.92,https://github.com/00-Evan/shattered-pixel-dungeon,https://github.com/00-Evan/shattered-pixel-dungeon.git,2014-07-31T21:56:31Z,
danikula/AndroidVideoCache,5496,10.47,20,60,77,400,3217,5024,3802,408,814,8.12,4.83,1.49,14.32,7.84,https://github.com/danikula/AndroidVideoCache,https://github.com/danikula/AndroidVideoCache.git,2015-04-01T11:25:52Z,
emilsjolander/StickyListHeaders,5494,13.52,16,15,43,283,2112,2781,2129,226,426,8.13,4.81,1.4,3.98,11.98,https://github.com/emilsjolander/StickyListHeaders,https://github.com/emilsjolander/StickyListHeaders.git,2012-03-11T18:29:18Z,
wuhaoyu1990/MagicCamera,5491,9.69,0,172,352,1371,14543,17878,14639,1022,2217,5.72,3.54,1.47,7.63,7.96,https://github.com/wuhaoyu1990/MagicCamera,https://github.com/wuhaoyu1990/MagicCamera.git,2016-01-08T11:36:56Z,
sockeqwe/mosby,5476,10.49,15,416,665,2530,17193,34509,19731,9147,5631,26.51,5.37,1.61,9.59,5.3,https://github.com/sockeqwe/mosby,https://github.com/sockeqwe/mosby.git,2015-03-25T00:59:19Z,
alibaba/jetcache,5474,8.44,67,312,446,1948,18021,26073,19727,2499,3847,9.58,6.03,1.64,15.91,7.07,https://github.com/alibaba/jetcache,https://github.com/alibaba/jetcache.git,2017-04-12T07:48:23Z,
scribejava/scribejava,5466,15.04,9,315,494,1638,12671,21059,15776,1650,3633,7.84,4.21,1.4,10.94,4.44,https://github.com/scribejava/scribejava,https://github.com/scribejava/scribejava.git,2010-09-05T19:11:40Z,
alibaba/freeline,5457,9.12,22,82,135,477,5357,6968,5272,763,933,10.95,3.76,1.61,13.87,7.56,https://github.com/alibaba/freeline,https://github.com/alibaba/freeline.git,2016-08-03T17:22:52Z,
KeepSafe/TapTargetView,5456,9.02,24,11,39,204,1965,2563,1816,368,379,14.36,4.51,1.15,49.9,10.08,https://github.com/KeepSafe/TapTargetView,https://github.com/KeepSafe/TapTargetView.git,2016-09-11T09:07:36Z,
201206030/novel,5454,5.85,12,188,202,838,4544,13083,7242,3611,2230,27.6,4.42,1.07,20.49,4.74,https://github.com/201206030/novel,https://github.com/201206030/novel.git,2019-11-11T01:13:52Z,
dm77/barcodescanner,5448,11.56,6,37,73,299,2796,3581,2945,135,501,3.77,5.29,1.64,11.82,7.27,https://github.com/dm77/barcodescanner,https://github.com/dm77/barcodescanner.git,2014-02-24T21:14:09Z,
Jasonchenlijian/FastBle,5446,9.07,9,42,105,427,4713,5172,3998,355,819,6.86,4.38,1.3,26.07,8.3,https://github.com/Jasonchenlijian/FastBle,https://github.com/Jasonchenlijian/FastBle.git,2016-08-23T02:06:33Z,
motianhuo/wechat,5436,10.32,0,246,635,2521,34418,43321,33112,5150,5059,11.89,5.24,1.25,15.45,9.07,https://github.com/motianhuo/wechat,https://github.com/motianhuo/wechat.git,2015-05-25T02:33:37Z,
ddd-by-examples/library,5431,6.68,0,97,123,321,1770,4141,3287,20,834,0.48,6.79,1.04,5.43,2.85,https://github.com/ddd-by-examples/library,https://github.com/ddd-by-examples/library.git,2019-01-11T09:14:03Z,
facebookarchive/rebound,5415,11.94,10,37,87,420,4095,6461,4231,1341,889,20.76,4.38,1.32,34.93,9.16,https://github.com/facebookarchive/rebound,https://github.com/facebookarchive/rebound.git,2013-10-11T01:12:37Z,
apache/dubbo-spring-boot-project,5404,7.66,13,83,89,264,1895,6813,3463,2136,1214,31.35,7.09,1.17,11.92,3.94,https://github.com/apache/dubbo-spring-boot-project,https://github.com/apache/dubbo-spring-boot-project.git,2018-01-18T12:10:50Z,
socketio/socket.io-client-java,5403,12.39,7,34,229,474,5639,5009,4056,228,725,4.55,1.92,1.1,4.25,3.28,https://github.com/socketio/socket.io-client-java,https://github.com/socketio/socket.io-client-java.git,2013-04-28T17:04:05Z,
apache/hbase,5391,11.33,47,5156,11522,76310,945634,1284792,893086,246309,145397,19.17,8.16,1.49,69.39,13.47,https://github.com/apache/hbase,https://github.com/apache/hbase.git,2014-05-23T07:00:07Z,
microsoft/typespec,5379,4.21,285,4508,4169,27089,174188,614919,309295,248589,57035,40.43,8.97,1.16,24.22,9.91,https://github.com/microsoft/typespec,https://github.com/microsoft/typespec.git,2021-06-30T23:29:49Z,
houbb/sensitive-word,5377,5.7,2,190,225,699,4145,10630,5674,3091,1865,29.08,3.04,1.17,20.79,4.07,https://github.com/houbb/sensitive-word,https://github.com/houbb/sensitive-word.git,2020-01-07T03:10:44Z,
mik3y/usb-serial-for-android,5371,12.22,33,36,66,449,8172,8839,6939,873,1027,9.88,6.2,1.32,38.97,23.27,https://github.com/mik3y/usb-serial-for-android,https://github.com/mik3y/usb-serial-for-android.git,2013-06-30T23:17:45Z,
strimzi/strimzi-kafka-operator,5370,9.37,155,1217,1435,12240,119644,275443,194295,46334,34814,16.82,11.28,1.52,45.92,13.82,https://github.com/strimzi/strimzi-kafka-operator,https://github.com/strimzi/strimzi-kafka-operator.git,2016-05-06T08:52:33Z,
Evernote/android-job,5370,10.08,31,98,189,1079,10693,17226,11428,3064,2734,17.79,6.99,1.77,32.01,11.12,https://github.com/Evernote/android-job,https://github.com/Evernote/android-job.git,2015-08-20T19:36:54Z,
facebookarchive/shimmer-android,5364,10.56,5,3,7,78,885,941,738,92,111,9.78,8.57,1.86,18.0,24.57,https://github.com/facebookarchive/shimmer-android,https://github.com/facebookarchive/shimmer-android.git,2015-02-27T22:25:22Z,
apache/groovy,5362,10.43,0,1806,0,0,0,358458,210997,108627,38834,30.3,,,,,https://github.com/apache/groovy,https://github.com/apache/groovy.git,2015-04-16T07:00:05Z,ck_failed
jgilfelt/SystemBarTint,5354,11.84,3,6,9,66,807,1192,726,271,195,22.73,8.0,1.78,22.56,13.89,https://github.com/jgilfelt/SystemBarTint,https://github.com/jgilfelt/SystemBarTint.git,2013-11-17T12:35:05Z,
ikarus23/MifareClassicTool,5351,12.6,8,28,33,346,6633,12940,7936,4134,870,31.95,11.09,2.27,106.03,51.67,https://github.com/ikarus23/MifareClassicTool,https://github.com/ikarus23/MifareClassicTool.git,2013-02-12T15:39:03Z,
spring-projects/spring-data-examples,5355,11.63,0,6657,6629,11407,50984,135138,84114,14963,36061,11.07,2.62,1.01,0.46,1.75,https://github.com/spring-projects/spring-data-examples,https://github.com/spring-projects/spring-data-examples.git,2014-01-30T15:42:43Z,
h6ah4i/android-advancedrecyclerview,5334,10.65,1,212,395,2431,20692,34925,21535,7396,5994,21.18,6.61,2.41,32.02,11.53,https://github.com/h6ah4i/android-advancedrecyclerview,https://github.com/h6ah4i/android-advancedrecyclerview.git,2015-01-24T16:14:39Z,
coobird/thumbnailator,5327,10.15,0,125,223,1482,19559,38083,17657,15513,4913,40.73,4.06,1.24,93.55,10.3,https://github.com/coobird/thumbnailator,https://github.com/coobird/thumbnailator.git,2015-07-25T05:38:33Z,
XRecyclerView/XRecyclerView,5318,9.84,0,59,166,429,5151,6020,4753,424,843,7.04,3.91,1.42,9.04,4.99,https://github.com/XRecyclerView/XRecyclerView,https://github.com/XRecyclerView/XRecyclerView.git,2015-11-18T08:14:22Z,
commonsguy/cw-omnibus,5349,13.52,36,1677,1942,8199,71379,154803,98288,31489,25026,20.34,5.29,1.68,20.19,7.59,https://github.com/commonsguy/cw-omnibus,https://github.com/commonsguy/cw-omnibus.git,2012-03-12T14:12:06Z,
mybatis/generator,5311,12.6,11,555,648,4900,68152,108795,78591,13508,16696,12.42,6.7,1.9,87.58,10.9,https://github.com/mybatis/generator,https://github.com/mybatis/generator.git,2013-02-10T11:14:50Z,
google/google-authenticator,5305,10.95,0,31,61,370,3935,6055,3324,1932,799,31.91,3.89,1.69,29.66,13.11,https://github.com/google/google-authenticator,https://github.com/google/google-authenticator.git,2014-10-08T17:54:27Z,
LFDT-web3j/web3j,5301,9.04,119,723,1290,6099,43517,88801,64524,11633,12644,13.1,4.29,1.73,34.95,6.82,https://github.com/LFDT-web3j/web3j,https://github.com/LFDT-web3j/web3j.git,2016-09-04T05:48:49Z,
evant/gradle-retrolambda,5289,12.12,37,23,25,77,623,2299,1925,62,312,2.7,4.6,1.04,2.16,3.4,https://github.com/evant/gradle-retrolambda,https://github.com/evant/gradle-retrolambda.git,2013-08-05T02:09:58Z,
xxv/android-lifecycle,5271,11.42,0,5,6,89,481,762,628,11,123,1.44,7.0,1.67,151.67,15.33,https://github.com/xxv/android-lifecycle,https://github.com/xxv/android-lifecycle.git,2014-04-18T14:26:22Z,
yixia/VitamioBundle,5268,12.92,0,41,101,546,6501,9028,5803,2215,1010,24.53,4.95,1.32,75.07,14.05,https://github.com/yixia/VitamioBundle,https://github.com/yixia/VitamioBundle.git,2012-10-19T08:40:49Z,
CaffeineMC/sodium,5268,5.63,40,571,662,3068,26021,44614,31122,5239,8253,11.74,6.12,1.44,13.45,8.85,https://github.com/CaffeineMC/sodium,https://github.com/CaffeineMC/sodium.git,2020-02-01T03:04:09Z,
CodingDocs/springboot-guide,5252,6.81,0,155,139,262,1494,5189,3633,674,882,12.99,4.09,1.18,1.35,2.14,https://github.com/CodingDocs/springboot-guide,https://github.com/CodingDocs/springboot-guide.git,2018-11-28T01:05:07Z,
zfdang/Android-Touch-Helper,5247,4.92,112,15,55,117,2257,2325,1810,219,296,9.42,4.13,1.18,1.95,5.8,https://github.com/zfdang/Android-Touch-Helper,https://github.com/zfdang/Android-Touch-Helper.git,2020-10-16T00:58:41Z,
alibaba/QLExpress,5245,8.51,17,286,326,1750,12142,20306,15200,1907,3199,9.39,5.87,1.4,38.94,8.87,https://github.com/alibaba/QLExpress,https://github.com/alibaba/QLExpress.git,2017-03-15T08:39:54Z,
osmandapp/OsmAnd,5309,14.68,1,3120,6017,55579,682428,726950,584275,54827,87848,7.54,8.87,1.72,106.75,21.5,https://github.com/osmandapp/OsmAnd,https://github.com/osmandapp/OsmAnd.git,2011-01-15T19:59:44Z,
lingochamp/okdownload,5244,7.75,8,201,343,2505,18986,33881,21853,6247,5781,18.44,6.44,1.27,35.26,10.72,https://github.com/lingochamp/okdownload,https://github.com/lingochamp/okdownload.git,2017-12-17T08:21:22Z,
Yalantis/Side-Menu.Android,5240,10.68,2,9,18,57,449,602,469,26,107,4.32,3.89,1.22,4.11,3.89,https://github.com/Yalantis/Side-Menu.Android,https://github.com/Yalantis/Side-Menu.Android.git,2015-01-13T11:11:27Z,
thinkaurelius/titan,5241,13.56,0,904,1594,8043,71163,107842,74505,15362,17975,14.24,5.86,1.36,20.51,9.86,https://github.com/thinkaurelius/titan,https://github.com/thinkaurelius/titan.git,2012-02-25T22:53:53Z,
cinit/QAuxiliary,5240,3.63,48,331,519,3198,41565,58036,43448,9444,5144,16.27,7.66,1.33,42.23,16.77,https://github.com/cinit/QAuxiliary,https://github.com/cinit/QAuxiliary.git,2022-01-29T06:12:36Z,
razerdp/BasePopup,5233,9.68,15,267,568,3110,28287,37444,27717,4201,5526,11.22,5.89,1.7,34.29,10.88,https://github.com/razerdp/BasePopup,https://github.com/razerdp/BasePopup.git,2016-01-15T03:31:07Z,
Doikki/DKVideoPlayer,5230,8.44,32,236,377,2244,18446,28507,20682,3435,4390,12.05,5.33,1.59,46.75,11.58,https://github.com/Doikki/DKVideoPlayer,https://github.com/Doikki/DKVideoPlayer.git,2017-04-11T01:33:38Z,
lucasr/twoway-view,5224,12.67,0,18,51,379,3688,4643,3359,414,870,8.92,6.08,1.82,86.59,16.61,https://github.com/lucasr/twoway-view,https://github.com/lucasr/twoway-view.git,2013-01-18T20:55:23Z,
rubenlagus/TelegramBots,5227,9.68,108,620,761,2226,21010,55970,38464,11738,5768,20.97,10.51,2.21,10.42,5.02,https://github.com/rubenlagus/TelegramBots,https://github.com/rubenlagus/TelegramBots.git,2016-01-14T00:13:07Z,
huangyanbin/smartTable,5220,7.86,44,150,364,1456,14165,19305,13493,3112,2700,16.12,5.13,1.19,25.93,7.42,https://github.com/huangyanbin/smartTable,https://github.com/huangyanbin/smartTable.git,2017-11-08T01:11:14Z,
Karumi/Dexter,5216,9.84,33,48,80,311,2197,3827,2173,1090,564,28.48,4.42,1.2,4.15,5.04,https://github.com/Karumi/Dexter,https://github.com/Karumi/Dexter.git,2015-11-17T13:14:43Z,
liquibase/liquibase,5223,14.2,103,1496,1742,11257,98891,160811,117178,19433,24200,12.08,6.92,1.81,65.45,13.85,https://github.com/liquibase/liquibase,https://github.com/liquibase/liquibase.git,2011-07-08T20:08:20Z,
GeyserMC/Geyser,5215,6.19,0,1085,1208,5975,59742,134464,79273,39988,15203,29.74,8.26,1.97,34.58,11.27,https://github.com/GeyserMC/Geyser,https://github.com/GeyserMC/Geyser.git,2019-07-08T17:23:17Z,
Clans/FloatingActionButton,5204,10.5,14,9,47,275,2805,3276,2635,129,512,3.94,4.64,1.38,139.68,12.15,https://github.com/Clans/FloatingActionButton,https://github.com/Clans/FloatingActionButton.git,2015-03-21T12:36:16Z,
citerus/dddsample-core,5201,10.63,0,145,157,692,4639,9738,6712,1214,1812,12.47,7.09,1.13,7.03,5.88,https://github.com/citerus/dddsample-core,https://github.com/citerus/dddsample-core.git,2015-01-31T23:21:37Z,
dunwu/db-tutorial,5201,8.11,0,176,209,1036,11203,18695,12693,3049,2953,16.31,5.21,1.18,32.61,10.29,https://github.com/dunwu/db-tutorial,https://github.com/dunwu/db-tutorial.git,2017-08-08T06:33:38Z,
remkop/picocli,5196,8.62,86,417,2938,6674,96025,98293,74461,12738,11094,12.96,2.88,1.11,58.95,3.88,https://github.com/remkop/picocli,https://github.com/remkop/picocli.git,2017-02-01T16:38:41Z,
tonikelope/megabasterd,5188,8.97,208,61,201,1197,20673,30250,21072,1060,8118,3.5,2.76,1.49,85.72,16.74,https://github.com/tonikelope/megabasterd,https://github.com/tonikelope/megabasterd.git,2016-09-29T16:54:54Z,
hustcc/JS-Sorting-Algorithm,5186,8.66,0,12,12,42,389,639,427,100,112,15.65,3.58,1.0,2.83,8.42,https://github.com/hustcc/JS-Sorting-Algorithm,https://github.com/hustcc/JS-Sorting-Algorithm.git,2017-01-19T11:36:21Z,
pmd/pmd,5210,13.19,108,3032,4081,19964,146591,251686,158254,51980,41452,20.65,5.64,2.08,43.44,8.02,https://github.com/pmd/pmd,https://github.com/pmd/pmd.git,2012-07-11T18:03:00Z,
android/views-widgets-samples,5159,6.03,0,94,152,628,7334,13264,8019,3534,1711,26.64,4.03,1.73,7.01,7.95,https://github.com/android/views-widgets-samples,https://github.com/android/views-widgets-samples.git,2019-09-06T21:39:12Z,
j-easy/easy-rules,5153,12.53,10,136,162,741,4857,12277,5917,4729,1631,38.52,5.09,1.31,7.63,5.87,https://github.com/j-easy/easy-rules,https://github.com/j-easy/easy-rules.git,2013-03-10T14:38:26Z,
novicezk/midjourney-proxy,5146,2.4,0,79,90,283,2787,4683,3793,264,626,5.64,5.9,1.24,5.81,6.68,https://github.com/novicezk/midjourney-proxy,https://github.com/novicezk/midjourney-proxy.git,2023-04-24T13:43:45Z,
careercup/ctci,5147,12.5,0,298,311,1139,11244,15555,12659,719,2177,4.62,1.96,1.12,5.1,9.49,https://github.com/careercup/ctci,https://github.com/careercup/ctci.git,2013-03-21T23:01:01Z,
square/otto,5145,13.23,0,29,85,206,1987,3009,1736,816,457,27.12,2.44,1.39,3.55,3.92,https://github.com/square/otto,https://github.com/square/otto.git,2012-06-27T19:06:49Z,
Fuzion24/JustTrustMe,5141,11.15,1,2,27,50,598,696,503,65,128,9.34,2.56,1.19,2.7,2.74,https://github.com/Fuzion24/JustTrustMe,https://github.com/Fuzion24/JustTrustMe.git,2014-07-24T23:45:05Z,
bitcoinj/bitcoinj,5137,11.83,14,435,623,4753,46026,89377,54464,25542,9371,28.58,6.68,1.73,89.24,15.69,https://github.com/bitcoinj/bitcoinj,https://github.com/bitcoinj/bitcoinj.git,2013-11-19T04:33:23Z,
brianfrankcooper/YCSB,5136,15.42,55,233,236,1428,22395,40578,25567,9953,5058,24.53,7.05,1.64,7.85,18.21,https://github.com/brianfrankcooper/YCSB,https://github.com/brianfrankcooper/YCSB.git,2010-04-19T20:52:11Z,
reactor/reactor-core,5139,9.86,212,1002,2242,18337,201959,300673,205495,48233,46945,16.04,6.9,1.54,122.35,14.51,https://github.com/reactor/reactor-core,https://github.com/reactor/reactor-core.git,2015-11-10T10:06:40Z,
runelite/runelite,5111,9.38,0,1850,3794,10633,476559,810683,490266,231260,89157,28.53,3.61,1.22,25.83,7.72,https://github.com/runelite/runelite,https://github.com/runelite/runelite.git,2016-04-30T20:48:02Z,
hneemann/Digital,5109,9.22,35,1085,1817,8068,76080,125598,81650,27794,16154,22.13,5.05,1.67,13.25,8.92,https://github.com/hneemann/Digital,https://github.com/hneemann/Digital.git,2016-06-28T17:40:16Z,
fast-excel/fastexcel,5103,0.95,5,579,623,2523,22134,47097,31410,10651,5036,22.62,6.52,1.34,29.69,7.29,https://github.com/fast-excel/fastexcel,https://github.com/fast-excel/fastexcel.git,2024-10-05T11:42:50Z,
CellularPrivacy/Android-IMSI-Catcher-Detector,5097,11.82,48,105,251,761,12171,16571,11259,2958,2354,17.85,5.06,1.33,4.96,7.37,https://github.com/CellularPrivacy/Android-IMSI-Catcher-Detector,https://github.com/CellularPrivacy/Android-IMSI-Catcher-Detector.git,2013-11-23T10:04:14Z,
zhanglei-workspace/shopping-management-system,5095,9.84,0,95,97,646,5299,9792,6483,1985,1324,20.27,3.57,1.36,76.48,10.97,https://github.com/zhanglei-workspace/shopping-management-system,https://github.com/zhanglei-workspace/shopping-management-system.git,2015-11-16T12:53:21Z,
LWJGL/lwjgl3,5127,12.74,21,6227,9925,224610,1086521,1563775,859665,460333,243777,29.44,6.74,2.29,971.12,25.98,https://github.com/LWJGL/lwjgl3,https://github.com/LWJGL/lwjgl3.git,2012-12-23T15:40:04Z,
jindrapetrik/jpexs-decompiler,5085,11.36,172,2599,4053,25435,345689,605673,370233,171531,63909,28.32,5.87,1.92,57.67,18.6,https://github.com/jindrapetrik/jpexs-decompiler,https://github.com/jindrapetrik/jpexs-decompiler.git,2014-05-10T17:20:56Z,
deathmarine/Luyten,5083,12.19,17,31,129,434,6750,6683,5609,277,797,4.14,2.35,1.54,15.45,9.24,https://github.com/deathmarine/Luyten,https://github.com/deathmarine/Luyten.git,2013-07-11T10:57:28Z,
natario1/CameraView,5083,8.17,42,242,534,2368,21155,34406,23615,6433,4358,18.7,5.6,1.37,34.76,7.57,https://github.com/natario1/CameraView,https://github.com/natario1/CameraView.git,2017-07-18T09:30:33Z,
oshi/oshi,5080,13.61,165,538,668,3575,36137,65000,42889,14839,7272,22.83,5.51,1.59,31.75,12.11,https://github.com/oshi/oshi,https://github.com/oshi/oshi.git,2012-02-10T12:46:48Z,
diffplug/spotless,5080,10.39,35,596,899,4063,36551,61923,40576,13244,8103,21.39,5.05,1.74,13.79,7.0,https://github.com/diffplug/spotless,https://github.com/diffplug/spotless.git,2015-04-27T19:10:58Z,
sofastack/sofa-boot,5063,7.46,82,866,1181,4367,32830,77780,43387,23967,10426,30.81,5.13,1.2,17.82,5.49,https://github.com/sofastack/sofa-boot,https://github.com/sofastack/sofa-boot.git,2018-04-02T08:28:14Z,
OpenTSDB/opentsdb,5062,15.07,27,412,958,8430,104636,161143,114399,27947,18797,17.34,7.09,1.28,64.88,18.05,https://github.com/OpenTSDB/opentsdb,https://github.com/OpenTSDB/opentsdb.git,2010-08-27T02:05:20Z,
wequick/Small,5049,9.81,25,85,185,532,7726,8996,6363,1417,1216,15.75,3.81,1.48,20.17,7.22,https://github.com/wequick/Small,https://github.com/wequick/Small.git,2015-11-27T11:37:20Z,
spring-projects/spring-authorization-server,5049,5.5,78,468,677,3956,37129,83586,54718,17507,11361,20.94,10.3,1.4,16.73,8.48,https://github.com/spring-projects/spring-authorization-server,https://github.com/spring-projects/spring-authorization-server.git,2020-03-17T17:28:57Z,
baomidou/dynamic-datasource,5046,7.39,18,146,178,474,5307,11879,6654,4089,1136,34.42,5.11,1.14,2.36,5.61,https://github.com/baomidou/dynamic-datasource,https://github.com/baomidou/dynamic-datasource.git,2018-04-28T02:32:16Z,
Exrick/xpay,5038,7.76,0,20,21,189,1449,2440,1742,300,398,12.3,6.43,1.0,93.43,15.67,https://github.com/Exrick/xpay,https://github.com/Exrick/xpay.git,2017-12-12T16:11:19Z,
xuexiangjys/XUI,5040,6.7,23,872,1657,10539,91066,153940,95527,38328,20085,24.9,5.63,1.61,52.71,11.74,https://github.com/xuexiangjys/XUI,https://github.com/xuexiangjys/XUI.git,2019-01-07T07:59:02Z,
youlookwhat/DesignPattern,5020,8.91,0,169,197,404,2603,5386,3162,1204,1020,22.35,2.54,1.28,1.43,2.57,https://github.com/youlookwhat/DesignPattern,https://github.com/youlookwhat/DesignPattern.git,2016-10-21T10:59:32Z,
jankotek/mapdb,5016,13.09,0,121,263,1952,20198,26549,18434,4494,3621,16.93,3.24,2.02,81.85,15.67,https://github.com/jankotek/mapdb,https://github.com/jankotek/mapdb.git,2012-08-17T15:28:54Z,
yipianfengye/android-zxingLibrary,5013,9.15,0,34,52,172,2018,3513,2170,826,517,23.51,4.71,1.33,5.63,7.63,https://github.com/yipianfengye/android-zxingLibrary,https://github.com/yipianfengye/android-zxingLibrary.git,2016-07-26T08:00:18Z,
Trinea/android-common,5013,13.25,1,77,110,768,6707,13805,6651,5746,1408,41.62,4.44,1.25,43.06,16.55,https://github.com/Trinea/android-common,https://github.com/Trinea/android-common.git,2012-06-19T07:49:46Z,
killbill/killbill,5026,12.91,150,1686,2443,14995,150948,277238,195012,38216,44010,13.78,8.69,1.81,28.25,11.28,https://github.com/killbill/killbill,https://github.com/killbill/killbill.git,2012-10-21T20:55:05Z,
rubensousa/GravitySnapHelper,5001,9.05,14,4,8,62,610,998,650,242,106,24.25,6.38,1.75,57.88,22.38,https://github.com/rubensousa/GravitySnapHelper,https://github.com/rubensousa/GravitySnapHelper.git,2016-08-31T07:25:23Z,
tianshiyeben/wgcloud,5011,6.67,29,117,118,967,6105,11913,7162,2559,2192,21.48,6.05,1.19,34.54,12.68,https://github.com/tianshiyeben/wgcloud,https://github.com/tianshiyeben/wgcloud.git,2019-01-15T02:02:21Z,
2227324689/gpmall,5000,6.17,0,420,424,1098,8865,21223,12785,4946,3492,23.3,5.01,1.36,8.17,4.08,https://github.com/2227324689/gpmall,https://github.com/2227324689/gpmall.git,2019-07-18T14:09:22Z,
youlookwhat/CloudReader,4994,8.82,26,181,492,2003,19393,24145,17385,3462,3298,14.34,4.75,1.46,19.41,7.18,https://github.com/youlookwhat/CloudReader,https://github.com/youlookwhat/CloudReader.git,2016-11-20T11:59:25Z,
DingMouRen/LayoutManagerGroup,4991,7.39,0,28,63,228,2285,3873,2251,980,642,25.3,4.95,1.57,9.14,5.62,https://github.com/DingMouRen/LayoutManagerGroup,https://github.com/DingMouRen/LayoutManagerGroup.git,2018-04-28T11:47:38Z,
orhanobut/dialogplus,4987,10.77,9,17,29,163,1047,1610,1045,294,271,18.26,5.24,1.03,57.86,8.52,https://github.com/orhanobut/dialogplus,https://github.com/orhanobut/dialogplus.git,2014-12-12T09:24:44Z,
spring-attic/spring-mvc-showcase,4987,14.3,0,58,58,295,1281,2911,2267,44,600,1.51,5.17,1.21,9.45,5.52,https://github.com/spring-attic/spring-mvc-showcase,https://github.com/spring-attic/spring-mvc-showcase.git,2011-06-03T15:36:55Z,
line/armeria,4997,9.84,260,3784,6425,33483,295860,573527,370390,128873,74264,22.47,6.41,1.32,33.41,8.11,https://github.com/line/armeria,https://github.com/line/armeria.git,2015-11-16T04:04:01Z,
killme2008/aviatorscript,4981,14.48,52,407,524,3724,37362,62711,41969,11563,9179,18.44,4.69,1.5,60.98,17.3,https://github.com/killme2008/aviatorscript,https://github.com/killme2008/aviatorscript.git,2011-03-29T12:48:47Z,
JodaOrg/joda-time,4977,14.35,50,330,557,10033,91613,149090,88344,44915,15831,30.13,8.58,2.28,295.29,28.63,https://github.com/JodaOrg/joda-time,https://github.com/JodaOrg/joda-time.git,2011-05-16T16:49:57Z,
alibaba/UltraViewPager,4976,8.47,10,16,24,212,1518,2757,1696,693,368,25.14,5.21,1.38,58.38,16.83,https://github.com/alibaba/UltraViewPager,https://github.com/alibaba/UltraViewPager.git,2017-03-29T13:31:53Z,
frogermcs/InstaMaterial,4968,10.85,1,25,80,277,2223,2932,2394,74,464,2.52,4.79,1.54,9.94,4.54,https://github.com/frogermcs/InstaMaterial,https://github.com/frogermcs/InstaMaterial.git,2014-11-10T18:56:49Z,
bisq-network/bisq,4951,11.52,142,2485,3686,18384,177913,342343,233260,57223,51860,16.72,7.41,1.71,30.23,9.22,https://github.com/bisq-network/bisq,https://github.com/bisq-network/bisq.git,2014-03-12T09:42:29Z,
Devlight/NavigationTabBar,4946,9.47,13,11,58,231,2538,3386,2649,241,496,7.12,4.02,1.31,57.5,8.36,https://github.com/Devlight/NavigationTabBar,https://github.com/Devlight/NavigationTabBar.git,2016-03-29T08:59:27Z,
react-native-linear-gradient/react-native-linear-gradient,4943,10.47,18,11,19,71,488,833,599,120,114,14.41,5.16,1.63,10.68,5.26,https://github.com/react-native-linear-gradient/react-native-linear-gradient,https://github.com/react-native-linear-gradient/react-native-linear-gradient.git,2015-03-31T17:44:40Z,
amitshekhariitbhu/RxJava2-Android-Samples,4939,9.06,0,61,185,496,3992,5082,3723,418,941,8.23,3.66,1.25,6.29,2.82,https://github.com/amitshekhariitbhu/RxJava2-Android-Samples,https://github.com/amitshekhariitbhu/RxJava2-Android-Samples.git,2016-08-27T08:21:37Z,
apache/ignite,4984,10.58,0,10444,20946,113373,1125868,2300375,1261313,612063,426999,26.61,5.57,1.64,497.57,12.49,https://github.com/apache/ignite,https://github.com/apache/ignite.git,2015-02-19T08:00:05Z,
apache/calcite,4937,11.24,0,2543,5648,38658,367195,682532,458404,154612,69516,22.65,7.62,1.7,383.92,12.99,https://github.com/apache/calcite,https://github.com/apache/calcite.git,2014-06-25T07:00:07Z,
spring-cloud/spring-cloud-netflix,4934,11.19,24,142,264,1334,8510,19182,12390,3581,3211,18.67,7.2,1.22,85.81,6.87,https://github.com/spring-cloud/spring-cloud-netflix,https://github.com/spring-cloud/spring-cloud-netflix.git,2014-07-11T15:46:12Z,
lugg/react-native-config,4920,9.57,30,11,23,49,428,649,482,94,73,14.48,4.57,1.39,1.96,3.0,https://github.com/lugg/react-native-config,https://github.com/lugg/react-native-config.git,2016-02-23T00:19:11Z,
roncoo/roncoo-pay,4922,9.16,0,384,394,2852,20047,45228,23898,15031,6299,33.23,5.19,1.29,63.19,12.04,https://github.com/roncoo/roncoo-pay,https://github.com/roncoo/roncoo-pay.git,2016-07-21T02:46:06Z,
PBH-BTN/PeerBanHelper,4918,1.61,144,444,503,2184,21614,35510,29063,2198,4249,6.19,6.56,1.34,15.53,8.86,https://github.com/PBH-BTN/PeerBanHelper,https://github.com/PBH-BTN/PeerBanHelper.git,2024-02-07T14:35:16Z,
traex/RippleEffect,4914,10.93,0,7,19,66,504,857,579,158,120,18.44,3.42,1.37,23.16,5.05,https://github.com/traex/RippleEffect,https://github.com/traex/RippleEffect.git,2014-10-14T13:32:51Z,
Docile-Alligator/Infinity-For-Reddit,4911,7.15,182,617,1587,6570,95174,112807,94014,4403,14390,3.9,6.88,1.57,30.85,10.52,https://github.com/Docile-Alligator/Infinity-For-Reddit,https://github.com/Docile-Alligator/Infinity-For-Reddit.git,2018-07-26T15:02:51Z,
javastacks/spring-boot-best-practice,4907,6.86,0,174,176,282,1968,5528,3651,707,1170,12.79,4.74,1.09,3.12,1.77,https://github.com/javastacks/spring-boot-best-practice,https://github.com/javastacks/spring-boot-best-practice.git,2018-11-09T06:23:18Z,
querydsl/querydsl,4910,14.13,35,2121,3232,14664,98636,195582,118918,43598,33066,22.29,5.18,2.04,42.9,6.43,https://github.com/querydsl/querydsl,https://github.com/querydsl/querydsl.git,2011-08-05T06:46:32Z,
DiUS/java-faker,4899,14.29,0,213,225,1389,6710,11810,8429,1162,2219,9.84,4.12,1.45,40.75,7.35,https://github.com/DiUS/java-faker,https://github.com/DiUS/java-faker.git,2011-06-06T01:01:21Z,
Ramotion/folding-cell-android,4899,9.46,0,11,21,86,812,1279,888,193,198,15.09,4.14,1.33,13.38,7.9,https://github.com/Ramotion/folding-cell-android,https://github.com/Ramotion/folding-cell-android.git,2016-04-01T11:38:47Z,
cglib/cglib,4875,11.47,15,212,498,2454,17670,22469,15184,4346,2939,19.34,3.22,1.53,261.8,7.38,https://github.com/cglib/cglib,https://github.com/cglib/cglib.git,2014-03-29T13:48:30Z,
rstudio/rstudio,4865,14.78,0,2673,7007,38021,230296,421554,298777,66101,56676,15.68,4.87,1.28,381.59,8.21,https://github.com/rstudio/rstudio,https://github.com/rstudio/rstudio.git,2010-12-07T19:10:25Z,
orientechnologies/orientdb,4873,12.78,225,4008,5049,41789,449856,716854,545783,62424,108647,8.71,6.52,1.64,309.35,21.76,https://github.com/orientechnologies/orientdb,https://github.com/orientechnologies/orientdb.git,2012-12-09T20:33:47Z,
react-native-webrtc/react-native-webrtc,4862,9.98,81,39,67,301,4086,5672,4129,715,828,12.61,6.12,1.15,8.72,12.03,https://github.com/react-native-webrtc/react-native-webrtc,https://github.com/react-native-webrtc/react-native-webrtc.git,2015-09-27T10:57:30Z,
reactive-streams/reactive-streams-jvm,4859,11.55,0,64,459,1538,15738,13398,8836,2601,1961,19.41,3.12,1.28,20.34,4.65,https://github.com/reactive-streams/reactive-streams-jvm,https://github.com/reactive-streams/reactive-streams-jvm.git,2014-02-28T13:16:15Z,
allure-framework/allure2,4858,9.31,80,241,269,1100,8061,22303,14179,5056,3068,22.67,6.07,1.3,11.6,5.61,https://github.com/allure-framework/allure2,https://github.com/allure-framework/allure2.git,2016-05-27T14:06:05Z,
Sayi/poi-tl,4860,10.5,14,379,525,2994,22801,37302,24974,6476,5852,17.36,6.5,1.21,89.66,8.98,https://github.com/Sayi/poi-tl,https://github.com/Sayi/poi-tl.git,2015-03-20T06:47:52Z,
fuzhengwei/small-spring,4850,4.34,0,1259,368,1255,9415,57529,30876,16189,10464,28.14,3.26,1.25,10.7,6.52,https://github.com/fuzhengwei/small-spring,https://github.com/fuzhengwei/small-spring.git,2021-05-15T06:07:28Z,
mcxiaoke/packer-ng-plugin,4826,9.82,1,23,31,160,1776,2557,1823,408,326,15.96,2.81,1.39,18.65,11.94,https://github.com/mcxiaoke/packer-ng-plugin,https://github.com/mcxiaoke/packer-ng-plugin.git,2015-11-24T04:08:08Z,
nextcloud/android,4846,9.28,262,317,505,4243,46617,74729,53866,9186,11677,12.29,9.3,1.69,114.5,19.64,https://github.com/nextcloud/android,https://github.com/nextcloud/android.git,2016-06-06T21:23:36Z,
andkulikov/Transitions-Everywhere,4805,10.93,23,79,193,842,9485,15280,9440,4338,1502,28.39,6.87,1.68,25.72,10.65,https://github.com/andkulikov/Transitions-Everywhere,https://github.com/andkulikov/Transitions-Everywhere.git,2014-10-15T03:37:03Z,
claritylab/lucida,4800,11.35,0,173,268,1644,23221,39798,22533,12014,5251,30.19,6.52,1.61,23.52,21.27,https://github.com/claritylab/lucida,https://github.com/claritylab/lucida.git,2014-05-13T17:12:49Z,
TheoKanning/openai-java,4788,5.01,22,144,165,315,2783,7916,4637,1839,1440,23.23,5.39,1.08,15.55,2.71,https://github.com/TheoKanning/openai-java,https://github.com/TheoKanning/openai-java.git,2020-09-15T02:58:52Z,
saiwu-bigkoo/Android-ConvenientBanner,4770,10.74,0,17,29,124,848,1378,916,234,228,16.98,4.83,1.45,7.79,6.66,https://github.com/saiwu-bigkoo/Android-ConvenientBanner,https://github.com/saiwu-bigkoo/Android-ConvenientBanner.git,2014-12-23T06:12:33Z,
mock-server/mockserver,4794,12.56,0,1026,1109,8393,65134,187074,153179,14534,19361,7.77,7.27,1.62,95.82,12.57,https://github.com/mock-server/mockserver,https://github.com/mock-server/mockserver.git,2013-02-26T06:09:52Z,
ronmamo/reflections,4768,12.42,3,59,197,565,4782,6531,4595,1020,916,15.62,2.77,1.15,13.66,4.74,https://github.com/ronmamo/reflections,https://github.com/ronmamo/reflections.git,2013-04-16T16:19:26Z,
tuguangquan/mybatis,4765,10.88,0,918,1039,5247,39118,71736,43457,19155,9124,26.7,3.75,1.28,21.47,7.19,https://github.com/tuguangquan/mybatis,https://github.com/tuguangquan/mybatis.git,2014-11-03T04:51:06Z,
etsy/AndroidStaggeredGrid,4751,11.78,7,13,36,305,4010,5279,3596,848,835,16.06,5.86,1.86,155.89,24.28,https://github.com/etsy/AndroidStaggeredGrid,https://github.com/etsy/AndroidStaggeredGrid.git,2013-12-09T19:43:45Z,
nisrulz/android-tips-tricks,4746,9.06,0,1,1,4,22,31,24,0,7,0.0,1.0,1.0,0.0,6.0,https://github.com/nisrulz/android-tips-tricks,https://github.com/nisrulz/android-tips-tricks.git,2016-08-25T20:27:33Z,
kyleduo/SwitchButton,4745,11.03,0,9,27,122,1543,1837,1477,111,249,6.04,4.37,1.41,82.48,11.7,https://github.com/kyleduo/SwitchButton,https://github.com/kyleduo/SwitchButton.git,2014-09-09T07:20:43Z,
spring-cloud/spring-cloud-gateway,4741,8.84,36,619,1219,5078,40876,79989,51961,14544,13484,18.18,6.96,1.37,16.39,5.51,https://github.com/spring-cloud/spring-cloud-gateway,https://github.com/spring-cloud/spring-cloud-gateway.git,2016-11-16T21:42:51Z,
firebase/FirebaseUI-Android,4734,10.19,66,203,284,1516,13274,24184,17264,3050,3870,12.61,9.79,1.96,12.34,8.96,https://github.com/firebase/FirebaseUI-Android,https://github.com/firebase/FirebaseUI-Android.git,2015-07-09T17:31:09Z,
hongyangAndroid/baseAdapter,4720,10.13,0,30,50,229,1563,2552,2002,120,430,4.7,4.88,1.32,18.28,6.54,https://github.com/hongyangAndroid/baseAdapter,https://github.com/hongyangAndroid/baseAdapter.git,2015-08-03T02:55:51Z,
google/cameraview,4719,9.12,0,24,72,320,2983,4042,2794,681,567,16.85,4.83,1.26,12.12,7.96,https://github.com/google/cameraview,https://github.com/google/cameraview.git,2016-08-04T05:22:14Z,
apache/maven,4767,16.33,26,3002,3644,18194,163321,351132,201757,103160,46215,29.38,5.56,1.55,46.4,8.76,https://github.com/apache/maven,https://github.com/apache/maven.git,2009-05-21T03:22:03Z,
hansonwang99/Spring-Boot-In-Action,4715,6.64,0,130,134,444,2714,7003,3714,2128,1161,30.39,3.87,1.12,6.01,4.77,https://github.com/hansonwang99/Spring-Boot-In-Action,https://github.com/hansonwang99/Spring-Boot-In-Action.git,2019-01-28T12:56:51Z,
zq2599/blog_demos,4715,8.44,0,1655,1815,6402,51915,125909,70677,36165,19067,28.72,4.03,1.22,15.17,6.49,https://github.com/zq2599/blog_demos,https://github.com/zq2599/blog_demos.git,2017-04-09T04:51:56Z,
micrometer-metrics/micrometer,4709,8.44,273,1208,1935,10339,80770,158047,94269,39808,23970,25.19,5.74,1.29,19.86,7.33,https://github.com/micrometer-metrics/micrometer,https://github.com/micrometer-metrics/micrometer.git,2017-04-10T21:36:51Z,
spring-attic/spring-security-oauth,4703,14.15,0,767,999,4305,35257,74887,46773,17254,10860,23.04,6.16,1.64,13.41,6.82,https://github.com/spring-attic/spring-security-oauth,https://github.com/spring-attic/spring-security-oauth.git,2011-07-26T18:08:49Z,
jgilfelt/chuck,4700,8.61,5,26,42,230,1698,2657,1897,420,340,15.81,5.9,1.38,55.74,8.9,https://github.com/jgilfelt/chuck,https://github.com/jgilfelt/chuck.git,2017-02-07T23:51:39Z,
pardom-zz/ActiveAndroid,4677,12.84,0,47,62,359,3158,5510,3435,1034,1041,18.77,5.68,2.58,22.08,11.39,https://github.com/pardom-zz/ActiveAndroid,https://github.com/pardom-zz/ActiveAndroid.git,2012-11-15T18:10:45Z,
zlt2000/microservices-platform,4703,6.53,30,341,351,976,7665,19449,12184,5072,2193,26.08,6.36,1.25,6.44,4.68,https://github.com/zlt2000/microservices-platform,https://github.com/zlt2000/microservices-platform.git,2019-03-07T07:13:37Z,
gsantner/markor,4668,8.06,76,154,327,2464,28782,37478,27994,4294,5190,11.46,6.91,1.5,132.82,19.55,https://github.com/gsantner/markor,https://github.com/gsantner/markor.git,2017-08-26T00:08:35Z,
saysky/ForestBlog,4667,7.94,0,86,86,444,2437,6690,3425,2057,1208,30.75,5.1,1.07,12.69,6.87,https://github.com/saysky/ForestBlog,https://github.com/saysky/ForestBlog.git,2017-10-08T15:27:47Z,
stleary/JSON-java,4660,14.75,24,72,91,1166,12228,25462,15402,7842,2218,30.8,3.19,1.22,361.08,31.05,https://github.com/stleary/JSON-java,https://github.com/stleary/JSON-java.git,2010-12-21T17:46:09Z,
cjlin1/libsvm,4659,12.02,0,10,34,130,3152,4415,3768,166,481,3.76,3.26,1.35,19.62,25.03,https://github.com/cjlin1/libsvm,https://github.com/cjlin1/libsvm.git,2013-09-10T14:32:07Z,
wdullaer/MaterialDateTimePicker,4659,10.71,54,44,73,740,7536,11782,8248,1869,1665,15.86,6.59,1.47,127.63,23.03,https://github.com/wdullaer/MaterialDateTimePicker,https://github.com/wdullaer/MaterialDateTimePicker.git,2015-01-03T19:41:03Z,
Heeexy/SpringBoot-Shiro-Vue,4647,7.83,0,28,27,106,633,1546,950,414,182,26.78,5.78,1.41,9.44,5.74,https://github.com/Heeexy/SpringBoot-Shiro-Vue,https://github.com/Heeexy/SpringBoot-Shiro-Vue.git,2017-11-17T18:49:06Z,
TGX-Android/Telegram-X,4645,4.08,5,1091,2885,32751,420517,489755,402806,26824,60125,5.48,9.25,1.4,544.43,38.84,https://github.com/TGX-Android/Telegram-X,https://github.com/TGX-Android/Telegram-X.git,2021-08-17T17:09:25Z,
gabrielemariotti/cardslib,4645,11.99,27,266,811,3419,32257,54820,29872,15441,9507,28.17,5.9,2.18,18.62,7.36,https://github.com/gabrielemariotti/cardslib,https://github.com/gabrielemariotti/cardslib.git,2013-09-20T21:57:19Z,
SPLWare/esProc,4670,3.85,0,1911,2650,21894,426806,576036,419779,98863,57394,17.16,6.6,2.19,97.74,39.16,https://github.com/SPLWare/esProc,https://github.com/SPLWare/esProc.git,2021-11-09T15:41:25Z,
deepjavalibrary/djl,4642,5.88,35,1476,1667,11512,96687,196301,115176,59390,21735,30.25,6.57,1.49,132.67,10.85,https://github.com/deepjavalibrary/djl,https://github.com/deepjavalibrary/djl.git,2019-10-29T22:38:54Z,
bytedeco/javacpp,4640,11.41,13,195,215,3039,27026,36289,26447,7419,2423,20.44,5.91,2.01,151.14,39.95,https://github.com/bytedeco/javacpp,https://github.com/bytedeco/javacpp.git,2014-04-21T12:47:21Z,
romandanylyk/PageIndicatorView,4638,9.08,14,55,72,409,3532,5183,3921,195,1067,3.76,5.51,1.5,22.81,11.74,https://github.com/romandanylyk/PageIndicatorView,https://github.com/romandanylyk/PageIndicatorView.git,2016-08-20T19:25:32Z,
bepass-org/oblivion,4621,1.61,12,31,58,225,2641,3453,2729,212,512,6.14,5.64,1.48,11.62,8.17,https://github.com/bepass-org/oblivion,https://github.com/bepass-org/oblivion.git,2024-02-08T05:50:09Z,
oracle/opengrok,4633,12.7,293,899,1128,7200,70623,148308,86582,44093,17633,29.73,5.27,1.63,78.88,12.02,https://github.com/oracle/opengrok,https://github.com/oracle/opengrok.git,2013-01-07T11:49:18Z,
Netflix/ribbon,4618,12.68,41,319,710,2412,21788,35872,23377,7374,5121,20.56,4.39,1.27,13.38,5.35,https://github.com/Netflix/ribbon,https://github.com/Netflix/ribbon.git,2013-01-15T01:08:04Z,
SuperMonster003/AutoJs6,4613,3.79,20,1073,1768,11576,111419,154901,111988,21540,21373,13.91,5.15,1.47,37.23,12.98,https://github.com/SuperMonster003/AutoJs6,https://github.com/SuperMonster003/AutoJs6.git,2021-12-01T05:27:22Z,
981011512/--,4616,5.25,0,1973,5069,37635,338075,331459,239359,39072,53028,11.79,3.55,2.89,440.43,9.84,https://github.com/981011512/--,https://github.com/981011512/--.git,2020-06-18T22:47:21Z,
apache/rocketmq-externals,4608,8.52,0,221,275,1311,11795,22789,14288,5202,3299,22.83,5.75,1.25,16.45,8.16,https://github.com/apache/rocketmq-externals,https://github.com/apache/rocketmq-externals.git,2017-03-14T07:00:06Z,
yasserg/crawler4j,4604,13.72,3,71,83,503,4736,8973,5311,2353,1309,26.22,5.28,1.31,55.89,12.76,https://github.com/yasserg/crawler4j,https://github.com/yasserg/crawler4j.git,2011-12-31T22:49:18Z,
SplashCodes/JAViewer,4604,9.33,10,74,179,582,6309,8546,6078,1170,1298,13.69,5.79,1.6,11.65,5.76,https://github.com/SplashCodes/JAViewer,https://github.com/SplashCodes/JAViewer.git,2016-05-21T08:47:10Z,
RedSpider1/concurrent,4587,6.87,0,0,0,0,0,0,0,0,0,,,,,,https://github.com/RedSpider1/concurrent,https://github.com/RedSpider1/concurrent.git,2018-11-03T13:49:36Z,no_java_files
angryip/ipscan,4590,14.23,31,234,383,1315,12598,18911,13085,2893,2933,15.3,4.99,1.67,4.15,6.16,https://github.com/angryip/ipscan,https://github.com/angryip/ipscan.git,2011-06-28T20:58:48Z,
chewiebug/GCViewer,4587,13.91,5,227,291,1925,20453,32324,23330,4195,4799,12.98,5.27,2.16,49.04,13.09,https://github.com/chewiebug/GCViewer,https://github.com/chewiebug/GCViewer.git,2011-10-23T09:01:04Z,
CalebFenton/simplify,4585,11.67,9,228,311,2083,21150,27495,21041,1331,5123,4.84,8.98,1.37,20.74,12.16,https://github.com/CalebFenton/simplify,https://github.com/CalebFenton/simplify.git,2014-01-16T05:14:02Z,
puniverse/quasar,4578,12.48,18,545,1349,6387,52770,86595,50513,26786,9296,30.93,3.43,1.52,36.0,9.29,https://github.com/puniverse/quasar,https://github.com/puniverse/quasar.git,2013-03-27T14:51:24Z,
rememberber/WePush,4578,8.24,58,217,276,1475,22791,33337,25059,3716,4562,11.15,6.83,1.58,25.15,13.16,https://github.com/rememberber/WePush,https://github.com/rememberber/WePush.git,2017-06-23T09:03:36Z,
dromara/dynamic-tp,4576,3.69,19,578,566,2227,18478,48605,25449,16994,6162,34.96,4.82,1.29,17.74,6.47,https://github.com/dromara/dynamic-tp,https://github.com/dromara/dynamic-tp.git,2022-01-07T16:35:27Z,
ReVanced/revanced-patches,4569,1.76,666,308,431,1742,19437,33163,22746,5474,4943,16.51,5.25,1.37,18.07,9.63,https://github.com/ReVanced/revanced-patches,https://github.com/ReVanced/revanced-patches.git,2023-12-14T01:25:17Z,
javagrowing/JGrowing,4564,6.56,0,13,19,43,329,451,360,0,91,0.0,1.53,1.0,1.95,3.11,https://github.com/javagrowing/JGrowing,https://github.com/javagrowing/JGrowing.git,2019-02-26T01:55:08Z,
chentao0707/SimplifyReader,4565,10.09,0,265,632,3547,34709,56896,33782,15777,7337,27.73,4.56,1.39,60.29,12.45,https://github.com/chentao0707/SimplifyReader,https://github.com/chentao0707/SimplifyReader.git,2015-08-17T08:22:53Z,
zhanghai/Douya,4558,9.63,11,723,1244,6412,44643,72570,50619,9635,12316,13.28,5.5,1.59,28.4,8.0,https://github.com/zhanghai/Douya,https://github.com/zhanghai/Douya.git,2016-02-01T13:44:19Z,
objectbox/objectbox-java,4556,8.65,48,300,392,3267,24395,43386,25026,12715,5645,29.31,5.13,1.76,103.66,12.92,https://github.com/objectbox/objectbox-java,https://github.com/objectbox/objectbox-java.git,2017-01-24T10:29:48Z,
charles2gan/GDA-android-reversing-Tool,4555,7.88,40,15,16,65,567,671,606,48,17,7.15,2.56,1.0,57.38,6.62,https://github.com/charles2gan/GDA-android-reversing-Tool,https://github.com/charles2gan/GDA-android-reversing-Tool.git,2017-10-31T08:18:29Z,
discord-jda/JDA,4556,9.77,111,1209,1343,11410,62413,203523,99764,85342,18417,41.93,8.79,1.84,127.27,13.15,https://github.com/discord-jda/JDA,https://github.com/discord-jda/JDA.git,2015-12-12T13:57:32Z,
square/sqlbrite,4545,10.58,9,32,106,381,3329,5226,3574,1013,639,19.38,4.7,1.36,4.3,4.75,https://github.com/square/sqlbrite,https://github.com/square/sqlbrite.git,2015-02-19T04:38:37Z,
go-lang-plugin-org/go-lang-idea-plugin,4549,15.06,21,828,1132,6398,45363,78562,55025,13941,9596,17.75,8.18,2.1,110.03,11.12,https://github.com/go-lang-plugin-org/go-lang-idea-plugin,https://github.com/go-lang-plugin-org/go-lang-idea-plugin.git,2010-08-29T08:20:01Z,
danielzeller/Depth-LIB-Android-,4543,9.39,0,59,108,417,3771,4896,3784,241,871,4.92,3.79,1.21,13.35,6.27,https://github.com/danielzeller/Depth-LIB-Android-,https://github.com/danielzeller/Depth-LIB-Android-.git,2016-04-27T09:37:28Z,
jdamcd/android-crop,4535,11.52,6,12,31,173,1676,2276,1607,319,350,14.02,4.29,1.39,26.48,11.94,https://github.com/jdamcd/android-crop,https://github.com/jdamcd/android-crop.git,2014-03-13T10:24:43Z,
alibaba/dexposed,4531,10.22,0,18,36,215,2414,3580,2203,938,439,26.2,2.92,1.69,82.83,15.97,https://github.com/alibaba/dexposed,https://github.com/alibaba/dexposed.git,2015-06-30T02:59:16Z,
JZ-Darkal/AndroidHttpCapture,4532,8.92,1,179,317,1655,15900,25297,16455,5132,3710,20.29,4.71,1.42,37.0,10.43,https://github.com/JZ-Darkal/AndroidHttpCapture,https://github.com/JZ-Darkal/AndroidHttpCapture.git,2016-10-15T19:48:00Z,
hussien89aa/AndroidTutorialForBeginners,4531,8.98,0,90,129,353,4005,7010,4676,878,1456,12.52,4.57,1.5,2.82,5.0,https://github.com/hussien89aa/AndroidTutorialForBeginners,https://github.com/hussien89aa/AndroidTutorialForBeginners.git,2016-09-26T16:36:28Z,
castorflex/SmoothProgressBar,4520,11.81,9,19,48,233,2208,2660,2140,104,416,3.91,4.85,1.23,26.31,8.58,https://github.com/castorflex/SmoothProgressBar,https://github.com/castorflex/SmoothProgressBar.git,2013-11-27T20:32:16Z,
ant-media/Ant-Media-Server,4517,8.55,64,875,1189,10725,107438,197746,117701,45123,34922,22.82,5.71,1.32,183.49,17.93,https://github.com/ant-media/Ant-Media-Server,https://github.com/ant-media/Ant-Media-Server.git,2017-03-01T08:21:13Z,
tiann/epic,4516,8.33,5,100,149,651,5127,7841,5175,1349,1317,17.2,3.23,1.62,30.4,7.45,https://github.com/tiann/epic,https://github.com/tiann/epic.git,2017-05-22T02:52:44Z,
Flipboard/bottomsheet,4515,10.41,10,19,68,256,2578,3269,2191,655,423,20.04,4.9,1.37,27.66,6.85,https://github.com/Flipboard/bottomsheet,https://github.com/Flipboard/bottomsheet.git,2015-04-23T17:37:32Z,
booklore-app/booklore,4512,0.76,90,509,582,1855,22339,40168,32757,1017,6394,2.53,7.88,1.04,11.59,7.97,https://github.com/booklore-app/booklore,https://github.com/booklore-app/booklore.git,2024-12-13T19:54:00Z,
azkaban/azkaban,4515,12.92,48,1010,1283,9327,93861,168194,114709,31462,22023,18.71,6.49,1.35,35.84,13.71,https://github.com/azkaban/azkaban,https://github.com/azkaban/azkaban.git,2012-10-18T01:34:53Z,
phishman3579/java-algorithms-implementation,4510,11.83,0,185,439,2050,31758,36775,25317,6418,5040,17.45,3.71,1.58,7.05,14.67,https://github.com/phishman3579/java-algorithms-implementation,https://github.com/phishman3579/java-algorithms-implementation.git,2013-11-20T03:30:19Z,
zongzibinbin/MallChat,4487,2.5,0,424,444,1199,9260,23862,15281,5408,3173,22.66,6.23,1.2,4.44,4.05,https://github.com/zongzibinbin/MallChat,https://github.com/zongzibinbin/MallChat.git,2023-03-16T15:04:35Z,
HotBitmapGG/bilibili-android-client,4491,9.3,1,220,559,3759,38892,34852,25941,2869,6042,8.23,4.92,1.82,42.79,8.66,https://github.com/HotBitmapGG/bilibili-android-client,https://github.com/HotBitmapGG/bilibili-android-client.git,2016-06-01T04:36:01Z,
JakeWharton/NineOldAndroids,4477,13.78,0,47,138,723,7585,11414,6436,3852,1126,33.75,4.29,1.43,30.14,10.28,https://github.com/JakeWharton/NineOldAndroids,https://github.com/JakeWharton/NineOldAndroids.git,2011-12-08T19:46:37Z,
Meituan-Dianping/Robust,4457,8.52,13,37,42,229,2953,4169,3041,615,513,14.75,3.52,1.26,17.36,16.83,https://github.com/Meituan-Dianping/Robust,https://github.com/Meituan-Dianping/Robust.git,2017-03-14T10:14:50Z,
linhaojun857/aurora,4447,3.08,0,299,299,710,4956,12799,9871,31,2897,0.24,7.29,1.12,7.26,3.36,https://github.com/linhaojun857/aurora,https://github.com/linhaojun857/aurora.git,2022-08-19T13:39:16Z,
janishar/android-mvp-architecture,4445,8.64,0,98,146,716,4049,8356,5027,1707,1622,20.43,5.82,1.38,14.11,6.82,https://github.com/janishar/android-mvp-architecture,https://github.com/janishar/android-mvp-architecture.git,2017-01-27T08:39:06Z,
square/android-times-square,4438,12.63,0,17,47,232,2286,3061,2345,311,405,10.16,4.55,1.23,25.87,9.0,https://github.com/square/android-times-square,https://github.com/square/android-times-square.git,2013-01-30T20:28:27Z,
dreamhead/moco,4427,12.92,1,518,577,2721,17542,28430,22868,234,5328,0.82,5.86,1.54,34.66,6.37,https://github.com/dreamhead/moco,https://github.com/dreamhead/moco.git,2012-10-18T09:09:51Z,
water8394/flink-recommandSystem-demo,4423,6.35,0,68,77,290,1835,3269,2289,391,589,11.96,3.73,1.08,6.4,5.19,https://github.com/water8394/flink-recommandSystem-demo,https://github.com/water8394/flink-recommandSystem-demo.git,2019-05-15T07:55:35Z,
h2database/h2database,4448,10.44,23,1230,1674,17637,231123,338852,239117,69913,29822,20.63,6.17,2.05,176.35,31.04,https://github.com/h2database/h2database,https://github.com/h2database/h2database.git,2015-04-10T19:09:09Z,
jacoco/jacoco,4411,13.2,49,674,939,4264,36795,72328,42898,19727,9703,27.27,4.16,1.42,12.64,6.56,https://github.com/jacoco/jacoco,https://github.com/jacoco/jacoco.git,2012-07-08T21:45:13Z,
Tencent/GT,4414,9.68,3,566,1060,4025,56014,82943,54532,17161,11250,20.69,3.7,1.29,13.65,9.27,https://github.com/Tencent/GT,https://github.com/Tencent/GT.git,2016-01-13T10:29:55Z,
airbnb/DeepLinkDispatch,4406,10.27,24,32,25,2194,8549,13547,10541,607,2399,4.48,6.28,1.48,88.64,102.36,https://github.com/airbnb/DeepLinkDispatch,https://github.com/airbnb/DeepLinkDispatch.git,2015-06-11T21:16:48Z,
IoT-Technology/IoT-Technical-Guide,4405,6.46,0,286,294,750,5235,10646,7376,1302,1968,12.23,4.09,1.25,3.16,3.77,https://github.com/IoT-Technology/IoT-Technical-Guide,https://github.com/IoT-Technology/IoT-Technical-Guide.git,2019-04-02T01:52:44Z,
apache/shiro,4403,16.06,14,857,1024,5042,36724,95074,43361,40563,11150,42.66,5.06,1.78,19.72,7.99,https://github.com/apache/shiro,https://github.com/apache/shiro.git,2009-08-29T08:00:17Z,
robinhood/ticker,4389,9.18,9,18,31,178,1581,2617,1697,507,413,19.37,4.61,1.32,27.61,9.94,https://github.com/robinhood/ticker,https://github.com/robinhood/ticker.git,2016-07-15T21:37:52Z,
flutter-webrtc/flutter-webrtc,4375,7.53,133,53,90,573,8277,10790,8777,694,1319,6.43,6.63,1.22,36.66,20.22,https://github.com/flutter-webrtc/flutter-webrtc,https://github.com/flutter-webrtc/flutter-webrtc.git,2018-03-07T02:26:03Z,
Ashok-Varma/BottomNavigation,4363,9.5,16,17,30,268,2091,3910,2325,992,593,25.37,7.53,1.43,69.27,15.07,https://github.com/Ashok-Varma/BottomNavigation,https://github.com/Ashok-Varma/BottomNavigation.git,2016-03-19T19:19:30Z,
awangdev/leet-code,4360,10.4,0,951,81,227,1961,104489,55121,31753,17615,30.39,2.06,1.0,0.9,5.7,https://github.com/awangdev/leet-code,https://github.com/awangdev/leet-code.git,2015-04-25T19:14:09Z,
Freeyourgadget/Gadgetbridge,4403,10.7,0,2549,4395,22311,242946,366389,263746,42922,59721,11.71,5.37,1.87,38.69,11.1,https://github.com/Freeyourgadget/Gadgetbridge,https://github.com/Freeyourgadget/Gadgetbridge.git,2015-01-05T23:19:03Z,
eirslett/frontend-maven-plugin,4322,12.05,0,72,99,425,3717,6096,4546,430,1120,7.05,5.6,1.73,7.05,8.95,https://github.com/eirslett/frontend-maven-plugin,https://github.com/eirslett/frontend-maven-plugin.git,2013-08-30T14:44:38Z,
pytorch/serve,4349,5.96,24,220,251,2054,18747,29310,23940,1356,4014,4.63,5.8,1.47,63.92,15.69,https://github.com/pytorch/serve,https://github.com/pytorch/serve.git,2019-10-03T03:17:43Z,
mywalkb/LSPosed_mod,4312,3.47,10,232,447,2141,24128,31572,22993,4771,3808,15.11,5.57,1.62,50.2,11.21,https://github.com/mywalkb/LSPosed_mod,https://github.com/mywalkb/LSPosed_mod.git,2022-03-28T08:05:38Z,
jeasonlzy/ImagePicker,4312,9.64,5,35,76,344,3685,5068,3644,791,633,15.61,5.83,1.49,23.08,8.83,https://github.com/jeasonlzy/ImagePicker,https://github.com/jeasonlzy/ImagePicker.git,2016-01-27T17:05:03Z,
bingoogolapple/BGARefreshLayout-Android,4308,10.31,4,50,162,633,5450,7273,5257,1044,972,14.35,5.15,1.41,9.8,6.72,https://github.com/bingoogolapple/BGARefreshLayout-Android,https://github.com/bingoogolapple/BGARefreshLayout-Android.git,2015-05-28T16:17:00Z,
kermitt2/grobid,4316,13.01,22,395,563,4183,63537,98304,72807,12083,13414,12.29,5.29,1.25,133.95,29.67,https://github.com/kermitt2/grobid,https://github.com/kermitt2/grobid.git,2012-09-13T15:48:54Z,
crate/crate,4295,12.44,139,4981,7558,46849,437825,807308,554673,152105,100530,18.84,7.52,1.66,48.49,10.8,https://github.com/crate/crate,https://github.com/crate/crate.git,2013-04-10T09:17:16Z,
Snailclimb/guide-rpc-framework,4283,5.35,0,85,95,194,2306,4343,2870,892,581,20.54,4.62,1.21,1.19,4.08,https://github.com/Snailclimb/guide-rpc-framework,https://github.com/Snailclimb/guide-rpc-framework.git,2020-05-10T13:24:42Z,
ThirtyDegreesRay/OpenHub,4280,8.19,31,313,656,3575,24549,36945,28514,2020,6411,5.47,6.76,1.63,32.93,8.67,https://github.com/ThirtyDegreesRay/OpenHub,https://github.com/ThirtyDegreesRay/OpenHub.git,2017-07-11T13:29:51Z,
mcxiaoke/android-volley,4277,12.33,0,80,132,572,4965,9460,5274,2907,1279,30.73,5.09,1.89,15.82,7.0,https://github.com/mcxiaoke/android-volley,https://github.com/mcxiaoke/android-volley.git,2013-05-21T05:35:26Z,
failsafe-lib/failsafe,4273,10.22,0,206,238,1264,10026,21089,11581,7030,2478,33.33,6.39,2.06,19.18,8.03,https://github.com/failsafe-lib/failsafe,https://github.com/failsafe-lib/failsafe.git,2015-06-30T00:56:39Z,
bjmashibing/InternetArchitect,4273,5.91,0,842,692,4313,44742,97148,67083,13181,16884,13.57,4.72,1.16,67.48,9.29,https://github.com/bjmashibing/InternetArchitect,https://github.com/bjmashibing/InternetArchitect.git,2019-10-19T16:32:01Z,
brianway/java-learning,4272,9.61,0,518,753,1167,10984,20146,11323,5949,2874,29.53,1.08,1.29,0.6,2.29,https://github.com/brianway/java-learning,https://github.com/brianway/java-learning.git,2016-02-09T05:20:58Z,
ongakuer/CircleIndicator,4268,11.14,7,22,45,181,1712,1989,1592,77,320,3.87,6.51,1.62,8.51,6.62,https://github.com/ongakuer/CircleIndicator,https://github.com/ongakuer/CircleIndicator.git,2014-07-30T14:02:56Z,
aporter/coursera-android,4264,11.7,0,356,608,1597,18132,28791,20368,2627,5796,9.12,4.24,1.5,3.33,4.76,https://github.com/aporter/coursera-android,https://github.com/aporter/coursera-android.git,2014-01-05T09:55:31Z,
grantland/android-autofittextview,4260,14.6,1,4,8,66,470,882,521,233,128,26.42,5.38,1.38,40.75,14.0,https://github.com/grantland/android-autofittextview,https://github.com/grantland/android-autofittextview.git,2011-02-14T06:00:52Z,
jitsi/jitsi,4259,12.4,7,1830,3215,19410,196299,533660,281787,190271,61602,35.65,5.33,1.9,39.42,14.11,https://github.com/jitsi/jitsi,https://github.com/jitsi/jitsi.git,2013-04-24T17:37:20Z,
201206030/novel-plus,4258,5.38,34,386,409,3139,15305,36394,24882,5331,6181,14.65,6.48,1.21,46.63,9.75,https://github.com/201206030/novel-plus,https://github.com/201206030/novel-plus.git,2020-05-02T07:15:43Z,
google/open-location-code,4249,10.97,5,35,67,248,2295,4449,2940,901,608,20.25,4.96,1.18,4.55,7.34,https://github.com/google/open-location-code,https://github.com/google/open-location-code.git,2014-09-30T18:26:35Z,
camunda/camunda-bpm-platform,4241,12.71,0,8731,10734,74295,546458,1237252,756366,263879,217007,21.33,6.29,1.61,86.23,9.27,https://github.com/camunda/camunda-bpm-platform,https://github.com/camunda/camunda-bpm-platform.git,2013-01-03T10:10:31Z,
jlegewie/zotfile,4238,13.72,33,0,0,0,0,0,0,0,0,,,,,,https://github.com/jlegewie/zotfile,https://github.com/jlegewie/zotfile.git,2011-12-30T14:47:42Z,no_java_files
s4kibs4mi/java-developer-roadmap,4229,6.41,0,1,1,1,5,5,5,0,0,0.0,0.0,1.0,0.0,1.0,https://github.com/s4kibs4mi/java-developer-roadmap,https://github.com/s4kibs4mi/java-developer-roadmap.git,2019-04-23T06:42:13Z,
mybatis/spring-boot-starter,4217,9.98,32,115,175,629,4431,9819,5417,3014,1388,30.7,4.52,1.22,16.18,4.02,https://github.com/mybatis/spring-boot-starter,https://github.com/mybatis/spring-boot-starter.git,2015-09-25T13:05:15Z,
jboss-javassist/javassist,4215,12.32,24,557,1110,5771,83226,115859,84448,21541,9870,18.59,3.4,1.55,43.91,10.96,https://github.com/jboss-javassist/javassist,https://github.com/jboss-javassist/javassist.git,2013-05-24T08:31:32Z,
ChadCSong/ShineButton,4215,9.21,2,13,24,106,988,1280,997,67,216,5.23,4.83,1.62,23.62,7.42,https://github.com/ChadCSong/ShineButton,https://github.com/ChadCSong/ShineButton.git,2016-07-05T06:32:26Z,
nining377/dolby_beta,4210,5.33,37,103,185,606,7302,9164,6731,1180,1253,12.88,4.15,1.45,7.95,7.02,https://github.com/nining377/dolby_beta,https://github.com/nining377/dolby_beta.git,2020-05-19T12:13:36Z,
microsoft/malmo,4201,9.34,21,143,278,1432,19130,28674,20515,5096,3063,17.77,7.05,2.14,12.85,16.38,https://github.com/microsoft/malmo,https://github.com/microsoft/malmo.git,2016-05-17T14:58:40Z,
apache/streampark,4200,6.31,15,497,561,2629,23717,57237,35545,13394,8298,23.4,7.47,1.28,18.97,8.96,https://github.com/apache/streampark,https://github.com/apache/streampark.git,2019-05-27T05:56:03Z,
yhaolpz/FloatWindow,4197,7.84,9,29,44,180,1473,1903,1398,158,347,8.3,3.77,1.27,9.73,6.55,https://github.com/yhaolpz/FloatWindow,https://github.com/yhaolpz/FloatWindow.git,2017-11-14T14:33:55Z,
hugeterry/CoordinatorTabLayout,4197,8.64,0,14,17,60,473,825,574,128,123,15.52,5.29,1.41,9.41,5.35,https://github.com/hugeterry/CoordinatorTabLayout,https://github.com/hugeterry/CoordinatorTabLayout.git,2017-01-27T13:40:28Z,
codingapi/tx-lcn,4196,7.85,14,224,222,1171,7782,15063,9941,2787,2335,18.5,4.99,1.21,6.34,7.51,https://github.com/codingapi/tx-lcn,https://github.com/codingapi/tx-lcn.git,2017-11-11T03:34:34Z,
powermock/powermock,4191,11.31,16,940,1265,4153,32844,68766,37752,20673,10341,30.06,3.37,1.24,22.77,4.95,https://github.com/powermock/powermock,https://github.com/powermock/powermock.git,2014-05-28T07:53:53Z,
dragonwell-project/dragonwell8,4286,6.53,42,33802,0,0,0,7078330,3869022,2465974,743334,34.84,,,,,https://github.com/dragonwell-project/dragonwell8,https://github.com/dragonwell-project/dragonwell8.git,2019-03-07T02:57:45Z,ck_failed
Jacksgong/JKeyboardPanelSwitch,4189,10.22,14,26,50,207,1736,3229,1849,909,471,28.15,5.2,1.3,7.38,6.9,https://github.com/Jacksgong/JKeyboardPanelSwitch,https://github.com/Jacksgong/JKeyboardPanelSwitch.git,2015-07-01T17:42:01Z,
zendesk/maxwell,4185,10.61,214,258,312,1879,17755,28249,21516,1705,5028,6.04,6.11,1.62,32.14,12.02,https://github.com/zendesk/maxwell,https://github.com/zendesk/maxwell.git,2015-02-09T22:06:13Z,
tencentmusic/supersonic,4178,2.27,15,1059,1136,4842,46372,75806,61159,2907,11740,3.83,6.29,1.29,46.08,8.48,https://github.com/tencentmusic/supersonic,https://github.com/tencentmusic/supersonic.git,2023-06-12T07:23:28Z,
bingoogolapple/BGABanner-Android,4177,10.9,0,31,53,227,2123,2962,2192,358,412,12.09,5.0,1.58,26.28,9.89,https://github.com/bingoogolapple/BGABanner-Android,https://github.com/bingoogolapple/BGABanner-Android.git,2014-10-25T17:15:18Z,
oddfar/campus-imaotai,4158,2.2,11,210,218,1079,7728,18775,10608,5506,2661,29.33,6.34,1.41,20.38,8.97,https://github.com/oddfar/campus-imaotai,https://github.com/oddfar/campus-imaotai.git,2023-07-07T10:37:13Z,
alibaba/fastjson2,4150,3.42,58,4332,9481,32192,411894,537172,429452,32107,75613,5.98,2.62,1.19,284.25,7.96,https://github.com/alibaba/fastjson2,https://github.com/alibaba/fastjson2.git,2022-04-17T04:27:24Z,
pedrovgs/AndroidWiFiADB,4149,9.92,8,21,30,153,1096,1827,1221,317,289,17.35,2.87,1.5,12.13,7.57,https://github.com/pedrovgs/AndroidWiFiADB,https://github.com/pedrovgs/AndroidWiFiADB.git,2015-10-18T21:58:45Z,
dromara/hmily,4143,7.97,0,814,877,3628,27535,69181,35891,24778,8512,35.82,5.41,1.22,10.6,6.61,https://github.com/dromara/hmily,https://github.com/dromara/hmily.git,2017-09-28T06:29:01Z,
geoserver/geoserver,4137,13.86,62,8195,12254,73002,764079,1343082,921852,236498,184732,17.61,7.23,1.82,43.95,11.91,https://github.com/geoserver/geoserver,https://github.com/geoserver/geoserver.git,2011-11-10T19:56:06Z,
karma9874/AndroRAT,4121,5.49,0,21,55,100,1793,1875,1617,20,238,1.07,2.87,1.16,1.38,4.84,https://github.com/karma9874/AndroRAT,https://github.com/karma9874/AndroRAT.git,2020-03-22T09:31:28Z,
dinuscxj/LoadingDrawable,4115,9.42,0,30,65,369,4428,5787,4436,178,1173,3.08,6.51,1.45,15.83,10.34,https://github.com/dinuscxj/LoadingDrawable,https://github.com/dinuscxj/LoadingDrawable.git,2016-04-16T07:33:57Z,
alibaba/Tangram-Android,4107,8.47,38,306,574,2358,24338,41530,23986,11522,6022,27.74,5.26,1.68,23.21,9.75,https://github.com/alibaba/Tangram-Android,https://github.com/alibaba/Tangram-Android.git,2017-03-29T13:29:57Z,
pqpo/SmartCropper,4092,8.12,13,7,12,93,1021,1378,1098,113,167,8.2,6.25,1.33,122.5,20.75,https://github.com/pqpo/SmartCropper,https://github.com/pqpo/SmartCropper.git,2017-08-03T11:08:41Z,
Manabu-GT/ExpandableTextView,4084,11.34,4,3,15,55,552,697,493,74,130,10.62,5.13,1.73,11.8,5.67,https://github.com/Manabu-GT/ExpandableTextView,https://github.com/Manabu-GT/ExpandableTextView.git,2014-05-17T19:40:15Z,
DTStack/chunjun,4084,7.46,30,1628,1916,10016,104300,206808,143727,36622,26459,17.71,7.17,1.55,20.9,12.53,https://github.com/DTStack/chunjun,https://github.com/DTStack/chunjun.git,2018-04-03T12:44:58Z,
qunarcorp/bistoury,4083,6.13,8,993,1361,7160,73638,120011,76937,24340,18734,20.28,4.98,1.28,21.42,13.26,https://github.com/qunarcorp/bistoury,https://github.com/qunarcorp/bistoury.git,2019-08-01T07:54:25Z,
code4craft/tiny-spring,4080,11.69,0,102,106,278,1543,3490,1941,871,678,24.96,3.08,1.15,2.37,3.3,https://github.com/code4craft/tiny-spring,https://github.com/code4craft/tiny-spring.git,2014-01-10T16:37:57Z,
oblac/jodd,4072,13.03,37,662,728,3330,26882,65728,31664,23818,10246,36.24,4.04,1.46,12.95,7.52,https://github.com/oblac/jodd,https://github.com/oblac/jodd.git,2012-09-07T20:26:48Z,
rubensousa/ViewPagerCards,4072,9.08,0,9,9,36,240,415,313,15,87,3.61,5.33,1.56,2.22,6.0,https://github.com/rubensousa/ViewPagerCards,https://github.com/rubensousa/ViewPagerCards.git,2016-08-20T15:24:12Z,
freeok/so-novel,4062,3.32,46,71,81,204,2871,5491,4002,652,837,11.87,6.01,1.17,2.64,6.94,https://github.com/freeok/so-novel,https://github.com/freeok/so-novel.git,2022-05-23T15:49:36Z,
luckybilly/CC,4045,7.82,0,71,120,447,4599,6260,4343,1248,669,19.94,4.97,1.26,16.32,7.74,https://github.com/luckybilly/CC,https://github.com/luckybilly/CC.git,2017-11-23T16:26:33Z,
oldmanpushcart/greys-anatomy,4026,12.82,0,108,240,822,10774,15490,9671,2983,2836,19.26,4.07,1.15,6.77,7.4,https://github.com/oldmanpushcart/greys-anatomy,https://github.com/oldmanpushcart/greys-anatomy.git,2012-11-21T19:39:35Z,
jMonkeyEngine/jmonkeyengine,4020,11.5,76,1954,3194,20464,203014,396009,213858,138552,43599,34.99,6.68,1.62,53.88,13.29,https://github.com/jMonkeyEngine/jmonkeyengine,https://github.com/jMonkeyEngine/jmonkeyengine.git,2014-03-20T22:29:28Z,
xcltapestry/XCL-Charts,4020,11.28,0,204,327,2489,23397,49698,28115,13014,8569,26.19,7.74,2.18,49.04,14.27,https://github.com/xcltapestry/XCL-Charts,https://github.com/xcltapestry/XCL-Charts.git,2014-06-09T15:44:50Z,
JabRef/jabref,4018,11.52,45,2544,0,0,0,289550,219099,25030,45421,8.64,,,,,https://github.com/JabRef/jabref,https://github.com/JabRef/jabref.git,2014-03-11T14:48:42Z,ck_failed
BoltsFramework/Bolts-Android,4010,11.64,11,26,158,401,5144,5692,4004,1061,627,18.64,2.13,1.08,19.01,4.28,https://github.com/BoltsFramework/Bolts-Android,https://github.com/BoltsFramework/Bolts-Android.git,2014-01-30T04:58:14Z,
LibrePDF/OpenPDF,4005,9.19,83,1333,1745,13022,154011,289457,165416,95276,28765,32.92,5.81,1.84,91.47,19.64,https://github.com/LibrePDF/OpenPDF,https://github.com/LibrePDF/OpenPDF.git,2016-07-11T15:50:34Z,
lcodecorex/TwinklingRefreshLayout,4002,9.55,0,59,151,711,6273,7582,5657,776,1149,10.23,4.28,1.37,36.27,8.11,https://github.com/lcodecorex/TwinklingRefreshLayout,https://github.com/lcodecorex/TwinklingRefreshLayout.git,2016-03-02T12:11:56Z,
knowm/XChange,4001,13.63,0,4339,4909,21482,147959,326362,249128,24852,52382,7.61,5.91,1.5,25.19,6.09,https://github.com/knowm/XChange,https://github.com/knowm/XChange.git,2012-02-02T10:48:28Z,
jetty/jetty.project,4000,14.19,132,6135,14944,63897,719524,1241354,894707,192918,153729,15.54,5.56,1.63,25.39,8.11,https://github.com/jetty/jetty.project,https://github.com/jetty/jetty.project.git,2011-07-14T01:11:57Z,
Yalantis/Phoenix,3999,10.68,1,9,24,88,976,1218,953,33,232,2.71,4.33,1.67,7.54,6.96,https://github.com/Yalantis/Phoenix,https://github.com/Yalantis/Phoenix.git,2015-01-12T14:11:20Z,
jbloch/effective-java-3e-source-code,3997,7.12,0,166,202,472,3018,4711,3290,678,743,14.39,1.13,1.19,1.33,3.58,https://github.com/jbloch/effective-java-3e-source-code,https://github.com/jbloch/effective-java-3e-source-code.git,2018-08-03T20:48:35Z,
makovkastar/FloatingActionButton,3993,11.16,0,10,27,127,1014,1152,949,16,187,1.39,5.67,1.81,37.59,7.3,https://github.com/makovkastar/FloatingActionButton,https://github.com/makovkastar/FloatingActionButton.git,2014-07-22T13:29:55Z,
bitcoin-wallet/bitcoin-wallet,3992,13.47,0,155,387,1411,18379,25176,18545,3289,3342,13.06,7.53,1.71,5.41,8.43,https://github.com/bitcoin-wallet/bitcoin-wallet,https://github.com/bitcoin-wallet/bitcoin-wallet.git,2012-03-31T17:06:47Z,
Piasy/BigImageViewer,3986,8.87,0,40,84,304,2513,4199,2636,993,570,23.65,4.61,1.29,12.81,6.07,https://github.com/Piasy/BigImageViewer,https://github.com/Piasy/BigImageViewer.git,2016-11-06T09:55:02Z,
orhanobut/hawk,3980,10.58,22,20,26,135,834,1339,849,230,260,17.18,3.62,1.04,12.96,7.35,https://github.com/orhanobut/hawk,https://github.com/orhanobut/hawk.git,2015-02-19T22:25:23Z,
mercyblitz/tech-weekly,3979,6.79,0,71,81,163,1385,2754,1767,431,556,15.65,2.8,1.02,2.12,2.8,https://github.com/mercyblitz/tech-weekly,https://github.com/mercyblitz/tech-weekly.git,2018-12-03T03:10:52Z,
qstumn/BadgeView,3978,8.61,5,13,35,153,1759,1826,1549,63,214,3.45,4.34,1.31,49.89,10.11,https://github.com/qstumn/BadgeView,https://github.com/qstumn/BadgeView.git,2017-02-08T02:01:39Z,
torakiki/pdfsam,3976,11.98,66,608,637,2624,19302,48618,28839,14425,5354,29.67,7.03,1.41,4.84,5.03,https://github.com/torakiki/pdfsam,https://github.com/torakiki/pdfsam.git,2013-09-24T11:06:13Z,
lilishop/lilishop,3969,4.35,3,1529,1551,4802,42800,121269,71366,32928,16975,27.15,7.67,1.32,13.33,5.82,https://github.com/lilishop/lilishop,https://github.com/lilishop/lilishop.git,2021-05-14T01:28:51Z,
lukas-krecan/ShedLock,3968,8.77,0,344,391,1614,11317,22474,14645,4811,3018,21.41,5.9,2.19,7.31,5.01,https://github.com/lukas-krecan/ShedLock,https://github.com/lukas-krecan/ShedLock.git,2016-12-11T13:53:59Z,
JeremyLiao/LiveEventBus,3966,7.19,0,113,307,800,7584,10791,8334,1131,1326,10.48,3.24,1.11,4.09,3.97,https://github.com/JeremyLiao/LiveEventBus,https://github.com/JeremyLiao/LiveEventBus.git,2018-07-11T07:36:59Z,
syncthing/syncthing-android,3962,11.57,332,73,142,628,8424,11900,9009,1386,1505,11.65,6.51,1.69,9.05,11.46,https://github.com/syncthing/syncthing-android,https://github.com/syncthing/syncthing-android.git,2014-02-22T17:15:19Z,
zzhoujay/RichText,3960,10.16,0,86,132,492,5185,7159,5043,972,1144,13.58,4.27,1.45,10.55,7.77,https://github.com/zzhoujay/RichText,https://github.com/zzhoujay/RichText.git,2015-07-21T09:36:01Z,
awaitility/awaitility,3960,15.66,0,122,170,767,5473,11552,6078,3977,1497,34.43,3.18,1.19,18.58,6.68,https://github.com/awaitility/awaitility,https://github.com/awaitility/awaitility.git,2010-01-22T15:12:52Z,
RipMeApp/ripme,3958,8.7,143,267,320,1946,19889,30805,23989,2527,4289,8.2,5.01,2.54,28.17,13.35,https://github.com/RipMeApp/ripme,https://github.com/RipMeApp/ripme.git,2017-01-06T17:12:09Z,
rovo89/XposedInstaller,3958,13.46,0,54,203,655,8980,9615,7899,277,1439,2.88,4.9,1.42,8.52,7.3,https://github.com/rovo89/XposedInstaller,https://github.com/rovo89/XposedInstaller.git,2012-04-02T20:33:05Z,
NotFound9/interviewGuide,3958,9.41,0,0,0,0,0,0,0,0,0,,,,,,https://github.com/NotFound9/interviewGuide,https://github.com/NotFound9/interviewGuide.git,2016-04-20T07:17:09Z,no_java_files
fishercoder1534/Leetcode,3956,9.13,0,2844,5141,7607,140344,123872,103175,6725,13972,5.43,1.55,1.0,0.29,3.8,https://github.com/fishercoder1534/Leetcode,https://github.com/fishercoder1534/Leetcode.git,2016-07-31T05:28:15Z,
binIoter/GuideView,3952,9.25,0,16,35,133,1246,1767,1187,353,227,19.98,3.74,1.37,8.23,6.83,https://github.com/binIoter/GuideView,https://github.com/binIoter/GuideView.git,2016-06-19T08:52:25Z,
googlesamples/mlkit,3952,5.3,1,110,191,843,9937,17619,12572,3005,2042,17.06,7.67,1.53,8.12,9.16,https://github.com/googlesamples/mlkit,https://github.com/googlesamples/mlkit.git,2020-05-28T21:40:38Z,
tronprotocol/java-tron,3947,7.73,80,1360,1652,12187,150649,238402,190510,15129,32763,6.35,8.7,1.78,80.76,15.47,https://github.com/tronprotocol/java-tron,https://github.com/tronprotocol/java-tron.git,2017-12-26T10:20:38Z,
Querz/mcaselector,3945,7.41,72,299,531,2746,36373,40303,33509,852,5942,2.11,6.85,2.44,22.18,13.96,https://github.com/Querz/mcaselector,https://github.com/Querz/mcaselector.git,2018-04-22T22:23:26Z,
JoanZapata/android-iconify,3943,12.27,0,35,43,153,909,6713,6251,170,292,2.53,3.51,1.23,5.19,5.19,https://github.com/JoanZapata/android-iconify,https://github.com/JoanZapata/android-iconify.git,2013-06-12T11:42:01Z,
linyiqun/DataMiningAlgorithm,3928,10.69,0,112,126,686,11663,19189,12515,4178,2496,21.77,2.29,1.09,9.96,21.05,https://github.com/linyiqun/DataMiningAlgorithm,https://github.com/linyiqun/DataMiningAlgorithm.git,2015-01-11T02:50:28Z,
rengwuxian/RxJavaSamples,3927,9.48,3,24,53,102,1001,1331,1103,26,202,1.95,4.55,1.4,1.6,2.77,https://github.com/rengwuxian/RxJavaSamples,https://github.com/rengwuxian/RxJavaSamples.git,2016-03-24T13:08:10Z,
pingfangushi/screw,3922,5.24,0,179,136,389,3941,14806,5793,8093,920,54.66,4.99,1.35,5.24,5.27,https://github.com/pingfangushi/screw,https://github.com/pingfangushi/screw.git,2020-06-21T11:37:06Z,
iterate-ch/cyberduck,3919,8.66,0,4474,7510,41180,297498,574308,367597,127630,79081,22.22,6.44,1.36,65.47,8.09,https://github.com/iterate-ch/cyberduck,https://github.com/iterate-ch/cyberduck.git,2017-01-20T14:16:34Z,
JFormDesigner/FlatLaf,3916,6.08,87,437,846,5822,73530,121522,78187,26142,17193,21.51,3.66,3.58,64.83,17.13,https://github.com/JFormDesigner/FlatLaf,https://github.com/JFormDesigner/FlatLaf.git,2019-08-19T10:27:05Z,
promeG/TinyPinyin,3915,9.97,2,33,65,161,1401,3588,2889,260,439,7.25,2.06,1.09,8.75,4.14,https://github.com/promeG/TinyPinyin,https://github.com/promeG/TinyPinyin.git,2015-09-30T03:24:50Z,
bluelinelabs/Conductor,3908,9.51,36,36,86,605,5385,7697,5517,912,1268,11.85,5.48,1.35,71.34,15.63,https://github.com/bluelinelabs/Conductor,https://github.com/bluelinelabs/Conductor.git,2016-03-16T18:42:41Z,
ReChronoRain/HyperCeiler,3906,1.89,7,722,0,0,0,71291,47117,13547,10627,19.0,,,,,https://github.com/ReChronoRain/HyperCeiler,https://github.com/ReChronoRain/HyperCeiler.git,2023-10-27T17:17:42Z,ck_failed
shuzijun/leetcode-editor,3900,6.5,55,180,301,1293,13421,17018,13289,1094,2635,6.43,6.32,1.74,20.14,8.62,https://github.com/shuzijun/leetcode-editor,https://github.com/shuzijun/leetcode-editor.git,2019-03-19T16:32:17Z,
sofastack/sofa-rpc,3896,7.44,63,1204,1526,7115,72292,142028,82851,42779,16398,30.12,5.32,1.32,24.53,9.36,https://github.com/sofastack/sofa-rpc,https://github.com/sofastack/sofa-rpc.git,2018-04-09T03:32:04Z,
databricks/learning-spark,3894,11.26,0,40,133,202,2295,2647,2111,209,327,7.9,2.83,1.02,1.8,2.16,https://github.com/databricks/learning-spark,https://github.com/databricks/learning-spark.git,2014-06-16T04:47:54Z,
JavaNoober/BackgroundLibrary,3892,7.02,13,98,119,486,8029,8445,7148,298,999,3.53,4.79,1.21,34.18,17.9,https://github.com/JavaNoober/BackgroundLibrary,https://github.com/JavaNoober/BackgroundLibrary.git,2018-09-09T08:52:45Z,
alibaba/jstorm,3891,12.04,22,1619,3956,23912,296225,301713,208622,49917,43174,16.54,5.55,1.55,42.37,11.75,https://github.com/alibaba/jstorm,https://github.com/alibaba/jstorm.git,2013-09-03T03:53:16Z,
Exrick/xboot,3888,7.4,6,327,349,1150,10265,24973,15413,5581,3979,22.35,7.42,1.21,2.66,6.26,https://github.com/Exrick/xboot,https://github.com/Exrick/xboot.git,2018-04-23T14:44:18Z,
VaughnVernon/IDDD_Samples,3886,12.45,0,512,651,4686,28475,55909,35948,7659,12302,13.7,4.74,1.64,27.33,9.13,https://github.com/VaughnVernon/IDDD_Samples,https://github.com/VaughnVernon/IDDD_Samples.git,2013-04-08T22:12:57Z,
amirzaidi/Launcher3,3886,8.3,22,405,990,5318,60130,86988,62031,13413,11544,15.42,7.25,1.48,63.68,13.19,https://github.com/amirzaidi/Launcher3,https://github.com/amirzaidi/Launcher3.git,2017-05-30T12:53:32Z,
vipulasri/Timeline-View,3884,9.76,15,2,2,51,418,674,438,141,95,20.92,9.0,1.5,453.5,40.0,https://github.com/vipulasri/Timeline-View,https://github.com/vipulasri/Timeline-View.git,2015-12-15T14:55:04Z,
M66B/FairEmail,3874,7.13,2215,828,4247,14617,243494,306490,209049,58409,39032,19.06,4.72,1.26,33.49,11.91,https://github.com/M66B/FairEmail,https://github.com/M66B/FairEmail.git,2018-08-02T13:30:25Z,
wendux/DSBridge-Android,3855,8.71,2,13,47,126,1841,1615,1285,118,212,7.31,2.98,1.11,15.98,5.43,https://github.com/wendux/DSBridge-Android,https://github.com/wendux/DSBridge-Android.git,2017-01-02T11:58:53Z,
uber/NullAway,3849,8.04,30,308,579,3011,23573,61787,47481,9634,4672,15.59,4.55,1.22,51.8,9.52,https://github.com/uber/NullAway,https://github.com/uber/NullAway.git,2017-09-01T17:35:57Z,
kubernetes-client/java,3833,8.36,55,3117,11705,150654,2006023,1983601,1220133,607703,155765,30.64,6.92,1.5,192.16,25.17,https://github.com/kubernetes-client/java,https://github.com/kubernetes-client/java.git,2017-05-08T21:52:58Z,
aurelhubert/ahbottomnavigation,3830,9.5,14,14,46,249,2339,3504,2361,663,480,18.92,5.11,1.17,57.48,11.52,https://github.com/aurelhubert/ahbottomnavigation,https://github.com/aurelhubert/ahbottomnavigation.git,2016-03-17T12:17:56Z,
google/bundletool,3827,7.38,63,2,873,8196,54318,231,155,47,29,20.35,9.47,1.27,82.6,12.83,https://github.com/google/bundletool,https://github.com/google/bundletool.git,2018-05-04T07:24:09Z,
MiguelCatalan/MaterialSearchView,3824,10.01,6,12,41,160,1361,1730,1290,147,293,8.5,4.05,1.32,22.66,6.78,https://github.com/MiguelCatalan/MaterialSearchView,https://github.com/MiguelCatalan/MaterialSearchView.git,2015-09-14T17:13:46Z,
react-native-share/react-native-share,3821,9.97,139,35,41,197,1792,2781,2123,202,456,7.26,5.63,2.07,8.61,10.56,https://github.com/react-native-share/react-native-share,https://github.com/react-native-share/react-native-share.git,2015-09-30T02:27:34Z,
yanzhenjie/AndServer,3818,9.26,1,186,214,1523,12029,24709,13679,7912,3118,32.02,5.02,1.54,48.05,14.19,https://github.com/yanzhenjie/AndServer,https://github.com/yanzhenjie/AndServer.git,2016-06-14T00:52:52Z,
ZHENFENG13/My-Blog,3813,6.54,0,58,58,442,2411,4210,3035,470,705,11.16,4.76,1.05,29.55,11.98,https://github.com/ZHENFENG13/My-Blog,https://github.com/ZHENFENG13/My-Blog.git,2019-03-04T09:17:00Z,
uknownothingsnow/CircleProgress,3813,10.88,0,15,25,184,1451,2256,1705,225,326,9.97,5.76,1.68,85.76,10.04,https://github.com/uknownothingsnow/CircleProgress,https://github.com/uknownothingsnow/CircleProgress.git,2014-10-30T16:14:42Z,
jishenghua/jshERP,3811,8.99,6,262,360,8960,71055,68100,52505,4785,10810,7.03,5.82,1.33,1674.7,33.79,https://github.com/jishenghua/jshERP,https://github.com/jishenghua/jshERP.git,2016-09-20T04:51:39Z,
Helium314/HeliBoard,3809,3.53,50,156,237,2235,23194,35101,25164,6224,3713,17.73,6.67,1.47,71.06,24.92,https://github.com/Helium314/HeliBoard,https://github.com/Helium314/HeliBoard.git,2022-03-09T08:38:32Z,
Dimezis/BlurView,3801,9.41,31,20,30,139,930,1542,1082,214,246,13.88,5.9,1.5,7.0,6.5,https://github.com/Dimezis/BlurView,https://github.com/Dimezis/BlurView.git,2016-04-21T16:00:07Z,
camunda/camunda,3799,9.5,469,12047,14832,90663,613710,1496754,1084618,214700,197436,14.34,7.18,1.38,28.74,7.85,https://github.com/camunda/camunda,https://github.com/camunda/camunda.git,2016-03-20T03:38:04Z,
gh0stkey/HaE,3796,5.48,77,30,67,290,3968,4744,3776,164,804,3.46,4.15,1.66,11.91,10.19,https://github.com/gh0stkey/HaE,https://github.com/gh0stkey/HaE.git,2020-03-24T10:12:50Z,
shopizer-ecommerce/shopizer,3795,12.83,18,1210,1233,7693,53489,115149,75865,12022,27262,10.44,7.85,1.68,34.15,9.88,https://github.com/shopizer-ecommerce/shopizer,https://github.com/shopizer-ecommerce/shopizer.git,2012-11-21T03:42:39Z,
sunfusheng/MarqueeView,3792,9.3,0,10,22,85,804,1020,790,74,156,7.25,5.41,1.36,5.45,6.64,https://github.com/sunfusheng/MarqueeView,https://github.com/sunfusheng/MarqueeView.git,2016-06-01T06:50:46Z,
ageerle/ruoyi-ai,3788,1.67,6,752,823,3121,26041,64964,36251,19493,9220,30.01,6.38,1.29,13.33,6.92,https://github.com/ageerle/ruoyi-ai,https://github.com/ageerle/ruoyi-ai.git,2024-01-16T04:16:41Z,
fesh0r/fernflower,3784,10.96,0,474,698,3396,55184,69502,56267,2983,10252,4.29,4.16,1.22,37.57,19.66,https://github.com/fesh0r/fernflower,https://github.com/fesh0r/fernflower.git,2014-10-03T05:00:15Z,
mpusher/mpush,3780,9.39,9,323,398,2194,15032,29810,16861,8734,4215,29.3,4.73,1.34,24.57,8.92,https://github.com/mpusher/mpush,https://github.com/mpusher/mpush.git,2016-04-28T01:43:19Z,
watabou/pixel-dungeon,3778,11.15,0,505,839,3596,38623,60846,40766,8689,11391,14.28,5.63,2.62,12.42,9.77,https://github.com/watabou/pixel-dungeon,https://github.com/watabou/pixel-dungeon.git,2014-07-26T17:34:32Z,
mcxtzhang/SwipeDelMenuLayout,3773,9.07,2,10,40,85,1085,1360,921,268,171,19.71,3.1,1.25,5.2,4.83,https://github.com/mcxtzhang/SwipeDelMenuLayout,https://github.com/mcxtzhang/SwipeDelMenuLayout.git,2016-08-25T08:10:45Z,
lygttpod/SuperTextView,3772,8.92,39,16,86,421,4002,6227,3919,1414,894,22.71,3.05,1.16,141.67,9.26,https://github.com/lygttpod/SuperTextView,https://github.com/lygttpod/SuperTextView.git,2016-10-19T04:06:54Z,
CameraKit/blurkit-android,3767,8.87,3,8,10,58,497,897,592,129,176,14.38,6.1,1.5,30.3,10.4,https://github.com/CameraKit/blurkit-android,https://github.com/CameraKit/blurkit-android.git,2016-11-06T03:14:58Z,
MovingBlocks/Terasology,3759,14.55,70,2257,2810,14461,111591,193840,133825,29567,30448,15.25,6.11,1.46,25.03,8.66,https://github.com/MovingBlocks/Terasology,https://github.com/MovingBlocks/Terasology.git,2011-03-04T03:49:19Z,
Ereza/CustomActivityOnCrash,3753,11.21,12,7,15,92,893,1559,873,472,214,30.28,5.4,1.33,32.33,12.07,https://github.com/Ereza/CustomActivityOnCrash,https://github.com/Ereza/CustomActivityOnCrash.git,2014-07-04T19:46:21Z,
roboguice/roboguice,3752,13.1,0,696,3335,7583,74026,94908,61182,19652,14074,20.71,4.7,1.42,7.13,3.18,https://github.com/roboguice/roboguice,https://github.com/roboguice/roboguice.git,2012-08-12T20:37:19Z,
timehop/sticky-headers-recyclerview,3750,10.96,0,16,29,91,808,1233,853,206,174,16.71,4.62,1.28,3.24,5.72,https://github.com/timehop/sticky-headers-recyclerview,https://github.com/timehop/sticky-headers-recyclerview.git,2014-10-03T01:57:46Z,
zhpanvip/BannerViewPager,3750,8.48,59,61,73,459,3154,5741,3785,1098,858,19.13,5.41,1.41,47.82,10.15,https://github.com/zhpanvip/BannerViewPager,https://github.com/zhpanvip/BannerViewPager.git,2017-03-28T09:11:11Z,
apache/kylin,3748,10.71,2,3495,4764,29684,317145,550602,400342,77239,73021,14.03,7.79,1.5,137.69,11.64,https://github.com/apache/kylin,https://github.com/apache/kylin.git,2015-01-03T08:00:05Z,
AsamK/signal-cli,3747,10.36,103,399,491,3012,26922,46393,39379,554,6460,1.19,6.98,1.58,48.2,12.74,https://github.com/AsamK/signal-cli,https://github.com/AsamK/signal-cli.git,2015-05-11T10:49:42Z,
sofastack/sofa-jraft,3744,6.54,32,868,1438,11593,137639,156834,103954,33897,18983,21.61,6.21,1.47,76.57,14.68,https://github.com/sofastack/sofa-jraft,https://github.com/sofastack/sofa-jraft.git,2019-03-04T10:13:43Z,
andOTP/andOTP,3742,8.2,38,71,166,760,8443,12385,8951,1259,2175,10.17,6.11,1.5,41.42,10.28,https://github.com/andOTP/andOTP,https://github.com/andOTP/andOTP.git,2017-07-05T11:39:52Z,
RoaringBitmap/RoaringBitmap,3739,12.25,39,385,638,6698,78416,113613,88867,11887,12859,10.46,5.59,1.14,259.59,25.25,https://github.com/RoaringBitmap/RoaringBitmap,https://github.com/RoaringBitmap/RoaringBitmap.git,2013-06-17T20:29:23Z,
spotbugs/spotbugs,3736,8.87,70,3419,5270,20399,217154,342871,223374,70688,48809,20.62,4.1,1.37,25.77,9.41,https://github.com/spotbugs/spotbugs,https://github.com/spotbugs/spotbugs.git,2016-11-04T22:18:08Z,
JCTools/JCTools,3729,11.85,18,350,788,3697,37082,58627,40461,11159,7007,19.03,4.6,3.91,19.97,9.84,https://github.com/JCTools/JCTools,https://github.com/JCTools/JCTools.git,2013-11-10T18:04:40Z,
ethanhua/Skeleton,3724,8.14,0,17,33,90,752,982,724,93,165,9.47,3.73,1.24,4.61,3.73,https://github.com/ethanhua/Skeleton,https://github.com/ethanhua/Skeleton.git,2017-07-30T06:42:39Z,
Atmosphere/atmosphere,3719,15.22,0,352,741,4163,36660,59857,36377,15456,8024,25.82,5.5,1.31,55.03,10.94,https://github.com/Atmosphere/atmosphere,https://github.com/Atmosphere/atmosphere.git,2010-06-30T14:26:23Z,
willowtreeapps/spruce-android,3718,8.56,3,55,122,421,4269,8133,4655,2427,1051,29.84,4.86,1.37,5.35,5.77,https://github.com/willowtreeapps/spruce-android,https://github.com/willowtreeapps/spruce-android.git,2017-02-23T20:34:18Z,
ByteLegend/ByteLegend,3716,4.62,0,43,295,8543,104032,85699,70565,5421,9713,6.33,6.98,1.0,727.84,79.88,https://github.com/ByteLegend/ByteLegend,https://github.com/ByteLegend/ByteLegend.git,2021-02-01T10:11:30Z,
stfalcon-studio/ChatKit,3715,8.62,1,51,108,599,4680,7145,4696,1306,1143,18.28,5.77,2.9,35.48,8.54,https://github.com/stfalcon-studio/ChatKit,https://github.com/stfalcon-studio/ChatKit.git,2017-02-02T09:37:15Z,
ryanhoo/StylishMusicPlayer,3706,9.01,0,83,194,818,5777,8159,5991,884,1284,10.83,5.03,1.31,13.22,5.99,https://github.com/ryanhoo/StylishMusicPlayer,https://github.com/ryanhoo/StylishMusicPlayer.git,2016-09-13T14:38:32Z,
liuyubobobo/Play-with-Algorithms,3705,9.2,0,363,133,645,5384,26486,16841,4005,5640,15.12,2.93,1.01,4.23,12.94,https://github.com/liuyubobobo/Play-with-Algorithms,https://github.com/liuyubobobo/Play-with-Algorithms.git,2016-07-05T18:16:22Z,
nICEnnnnnnnLee/BilibiliDown,3702,6.65,80,182,262,1555,19838,30638,21030,6629,2979,21.64,4.21,1.72,42.02,16.23,https://github.com/nICEnnnnnnnLee/BilibiliDown,https://github.com/nICEnnnnnnnLee/BilibiliDown.git,2019-01-23T06:56:46Z,
yanzhenjie/NoHttp,3702,10.14,0,151,228,1305,8428,17337,9198,5906,2233,34.07,4.46,1.5,45.65,9.33,https://github.com/yanzhenjie/NoHttp,https://github.com/yanzhenjie/NoHttp.git,2015-07-29T06:11:12Z,
rbmonster/learning-note,3700,5.25,0,471,658,1579,13368,23512,14702,6215,2595,26.43,2.19,1.17,2.89,4.34,https://github.com/rbmonster/learning-note,https://github.com/rbmonster/learning-note.git,2020-06-15T16:47:25Z,
javahuang/SurveyKing,3699,4.03,3,343,400,837,9237,21316,12629,4903,3784,23.0,5.17,1.23,7.83,4.35,https://github.com/javahuang/SurveyKing,https://github.com/javahuang/SurveyKing.git,2021-09-06T13:34:14Z,
undertow-io/undertow,3694,13.17,9,1457,3098,14588,161850,234166,156569,48320,29277,20.63,5.23,1.24,36.65,9.65,https://github.com/undertow-io/undertow,https://github.com/undertow-io/undertow.git,2012-07-19T00:52:44Z,
jtablesaw/tablesaw,3690,9.71,79,514,766,6643,48475,79711,57131,11355,11225,14.25,6.06,1.28,108.39,13.3,https://github.com/jtablesaw/tablesaw,https://github.com/jtablesaw/tablesaw.git,2016-01-01T14:58:28Z,
aws/aws-sdk-java,4178,15.5,0,153099,0,0,0,26407310,10748586,12462921,3195803,47.19,,,,,https://github.com/aws/aws-sdk-java,https://github.com/aws/aws-sdk-java.git,2010-03-22T23:34:58Z,ck_timeout
Creators-of-Create/Create,3687,6.17,0,1974,2531,16113,150481,272017,222786,3858,45373,1.42,10.73,1.84,27.79,16.69,https://github.com/Creators-of-Create/Create,https://github.com/Creators-of-Create/Create.git,2019-07-18T08:27:10Z,
lihangleo2/ShadowLayout,3678,6.19,28,15,65,242,3437,4385,3077,572,736,13.04,4.0,1.14,21.62,9.74,https://github.com/lihangleo2/ShadowLayout,https://github.com/lihangleo2/ShadowLayout.git,2019-07-09T07:17:06Z,
helidon-io/helidon,3676,7.06,131,7053,9781,51775,405120,875739,502673,260379,112687,29.73,5.63,1.44,27.54,7.65,https://github.com/helidon-io/helidon,https://github.com/helidon-io/helidon.git,2018-08-27T11:03:52Z,
yacy/yacy_search_server,3674,10.49,0,953,1419,10299,154686,246673,163180,57305,26188,23.23,5.58,1.38,43.31,28.79,https://github.com/yacy/yacy_search_server,https://github.com/yacy/yacy_search_server.git,2015-03-22T12:54:20Z,
yangfuhai/ASimpleCache,3674,12.14,0,14,29,168,1993,2650,1587,798,265,30.11,4.59,1.31,38.52,11.14,https://github.com/yangfuhai/ASimpleCache,https://github.com/yangfuhai/ASimpleCache.git,2013-07-28T13:50:59Z,
dingjikerbo/Android-BluetoothKit,3673,9.95,0,151,241,1064,8347,11798,8726,709,2363,6.01,4.07,1.24,18.7,7.54,https://github.com/dingjikerbo/Android-BluetoothKit,https://github.com/dingjikerbo/Android-BluetoothKit.git,2015-10-08T09:07:33Z,
networknt/light-4j,3672,9.02,192,851,1232,6916,68723,118022,77539,25776,14707,21.84,4.56,1.17,23.37,11.8,https://github.com/networknt/light-4j,https://github.com/networknt/light-4j.git,2016-09-09T22:28:14Z,
lisawray/groupie,3671,9.04,28,61,93,573,3898,5843,4283,502,1058,8.59,5.1,1.83,29.9,8.82,https://github.com/lisawray/groupie,https://github.com/lisawray/groupie.git,2016-09-01T20:59:35Z,
google/rejoiner,3670,7.78,3,84,131,406,3566,7627,5406,1326,895,17.39,6.62,1.57,4.92,4.96,https://github.com/google/rejoiner,https://github.com/google/rejoiner.git,2017-12-06T19:09:53Z,
grpc-ecosystem/grpc-spring,3669,8.72,34,306,418,1269,10752,28389,14821,9556,4012,33.66,6.61,1.48,5.37,4.42,https://github.com/grpc-ecosystem/grpc-spring,https://github.com/grpc-ecosystem/grpc-spring.git,2016-12-30T09:06:15Z,
KunMinX/Linkage-RecyclerView,3667,6.41,0,35,75,309,2552,3985,2452,850,683,21.33,6.4,1.55,10.39,5.71,https://github.com/KunMinX/Linkage-RecyclerView,https://github.com/KunMinX/Linkage-RecyclerView.git,2019-04-22T04:39:46Z,
linkedin/databus,3667,12.75,0,803,1516,10833,124341,210530,148704,34611,27215,16.44,5.5,1.36,46.73,14.83,https://github.com/linkedin/databus,https://github.com/linkedin/databus.git,2012-12-17T17:49:17Z,
coderbruis/JavaSourceCodeLearning,3667,5.29,0,259,317,768,6045,11289,7012,2378,1899,21.06,2.85,1.26,3.14,3.25,https://github.com/coderbruis/JavaSourceCodeLearning,https://github.com/coderbruis/JavaSourceCodeLearning.git,2020-06-02T13:34:20Z,
tchiotludo/akhq,3653,7.02,42,209,305,1462,17372,24793,19973,1332,3488,5.37,8.2,1.29,29.01,8.67,https://github.com/tchiotludo/akhq,https://github.com/tchiotludo/akhq.git,2018-09-09T19:35:39Z,
PlexPt/chatgpt-java,3644,2.78,24,58,69,251,2010,4560,2867,831,862,18.22,5.28,1.28,14.59,7.64,https://github.com/PlexPt/chatgpt-java,https://github.com/PlexPt/chatgpt-java.git,2022-12-07T04:55:33Z,
litesuits/android-common,3641,11.31,0,60,85,679,6519,13350,6457,5695,1198,42.66,3.52,1.25,124.35,20.09,https://github.com/litesuits/android-common,https://github.com/litesuits/android-common.git,2014-05-29T08:08:00Z,
microservices-patterns/ftgo-application,3628,7.9,0,337,370,1353,6868,13810,10528,179,3103,1.3,5.35,1.19,8.19,3.94,https://github.com/microservices-patterns/ftgo-application,https://github.com/microservices-patterns/ftgo-application.git,2017-10-23T04:30:04Z,
huburt-Hu/NewbieGuide,3621,8.14,20,31,78,233,1896,2713,2000,357,356,13.16,4.31,1.18,10.44,4.77,https://github.com/huburt-Hu/NewbieGuide,https://github.com/huburt-Hu/NewbieGuide.git,2017-07-28T06:54:05Z,
apache/incubator-heron,3621,9.98,56,1355,1676,8551,69959,159598,93495,43771,22332,27.43,5.56,1.43,20.4,7.78,https://github.com/apache/incubator-heron,https://github.com/apache/incubator-heron.git,2015-09-25T16:09:24Z,
FasterXML/jackson-databind,3620,13.74,0,1254,5236,17129,162137,254441,163042,57143,34256,22.46,3.8,1.73,24.21,5.47,https://github.com/FasterXML/jackson-databind,https://github.com/FasterXML/jackson-databind.git,2011-12-23T07:17:41Z,
uncle-novel/uncle-novel,3614,6.77,1,222,269,1219,16991,29122,20199,6689,2234,22.97,7.29,1.66,10.42,10.31,https://github.com/uncle-novel/uncle-novel,https://github.com/uncle-novel/uncle-novel.git,2018-12-11T12:15:30Z,
rockerhieu/emojicon,3612,11.67,2,24,39,166,2971,4713,3840,553,320,11.73,5.15,1.56,6.77,7.33,https://github.com/rockerhieu/emojicon,https://github.com/rockerhieu/emojicon.git,2014-01-18T12:32:38Z,
blossom-editor/blossom,3613,2.11,19,399,435,1279,13365,32391,18210,10515,3666,32.46,5.72,1.34,6.98,6.22,https://github.com/blossom-editor/blossom,https://github.com/blossom-editor/blossom.git,2023-08-07T03:02:17Z,
spockframework/spock,3608,14.77,26,661,726,3967,25489,54567,30637,16404,7526,30.06,5.56,1.47,34.74,9.12,https://github.com/spockframework/spock,https://github.com/spockframework/spock.git,2010-12-12T19:02:34Z,
Mojang/brigadier,3601,11.01,3,74,85,702,4312,7319,5669,448,1202,6.12,6.64,1.15,44.55,12.26,https://github.com/Mojang/brigadier,https://github.com/Mojang/brigadier.git,2014-09-15T08:48:24Z,
spring-io/initializr,3597,12.28,17,557,738,4496,31773,60876,35156,17231,8489,28.31,5.51,1.27,33.73,7.75,https://github.com/spring-io/initializr,https://github.com/spring-io/initializr.git,2013-06-07T16:02:22Z,
tyrantgit/ExplosionField,3592,9.99,0,6,10,29,343,447,344,51,52,11.41,4.9,1.5,4.3,5.3,https://github.com/tyrantgit/ExplosionField,https://github.com/tyrantgit/ExplosionField.git,2015-09-23T11:34:50Z,
mbechler/marshalsec,3592,8.32,0,64,72,276,2214,6217,3153,1805,1259,29.03,7.29,1.82,14.58,6.19,https://github.com/mbechler/marshalsec,https://github.com/mbechler/marshalsec.git,2017-05-22T11:43:57Z,
kikoso/android-stackblur,3591,12.09,0,12,41,40,933,1188,811,189,188,15.91,1.76,1.1,0.59,2.24,https://github.com/kikoso/android-stackblur,https://github.com/kikoso/android-stackblur.git,2013-08-15T14:44:32Z,
dtinit/data-transfer-project,3590,7.7,61,792,927,3825,33617,78842,55031,13580,10231,17.22,6.91,1.27,6.88,6.68,https://github.com/dtinit/data-transfer-project,https://github.com/dtinit/data-transfer-project.git,2018-01-04T21:27:57Z,
vert-x3/vertx-examples,3583,10.56,0,423,451,1019,9055,19524,13676,2473,3375,12.67,5.34,1.82,1.02,2.98,https://github.com/vert-x3/vertx-examples,https://github.com/vert-x3/vertx-examples.git,2015-02-24T17:42:44Z,
dongjunkun/DropDownMenu,3582,10.24,2,9,19,49,513,744,543,85,116,11.42,4.53,1.37,2.16,4.05,https://github.com/dongjunkun/DropDownMenu,https://github.com/dongjunkun/DropDownMenu.git,2015-06-23T07:43:56Z,
WVector/AppUpdate,3579,8.25,3,27,64,351,2925,4389,2682,1059,648,24.13,4.44,1.16,37.14,8.52,https://github.com/WVector/AppUpdate,https://github.com/WVector/AppUpdate.git,2017-06-19T09:38:42Z,
alibaba/Alink,3609,6.97,22,5266,8181,36756,475597,595725,448105,73335,74285,12.31,6.47,1.74,34.7,9.27,https://github.com/alibaba/Alink,https://github.com/alibaba/Alink.git,2018-09-30T06:36:11Z,
hmkcode/Android,3578,12.04,0,61,56,179,1410,3510,2410,255,845,7.26,4.8,1.66,2.14,4.25,https://github.com/hmkcode/Android,https://github.com/hmkcode/Android.git,2013-09-02T16:12:28Z,
googlemaps/android-maps-utils,3576,12.34,56,146,219,1458,13967,24904,14522,7386,2996,29.66,7.12,1.68,37.37,11.59,https://github.com/googlemaps/android-maps-utils,https://github.com/googlemaps/android-maps-utils.git,2013-05-17T00:08:48Z,
OpenHFT/Chronicle-Queue,3575,12.3,534,326,499,3201,27561,50818,35105,8509,7204,16.74,5.51,1.59,177.4,10.71,https://github.com/OpenHFT/Chronicle-Queue,https://github.com/OpenHFT/Chronicle-Queue.git,2013-06-02T15:11:33Z,
JakeWharton/ThreeTenABP,3571,10.21,0,7,7,16,117,212,166,9,37,4.25,4.29,1.43,1.43,3.0,https://github.com/JakeWharton/ThreeTenABP,https://github.com/JakeWharton/ThreeTenABP.git,2015-07-03T17:35:09Z,
IrisShaders/Iris,3573,4.9,140,722,912,4318,37890,61063,45367,5280,10416,8.65,6.32,1.32,22.64,9.17,https://github.com/IrisShaders/Iris,https://github.com/IrisShaders/Iris.git,2020-10-22T20:21:12Z,
davideas/FlexibleAdapter,3570,10.38,30,147,326,1937,15853,29030,16916,8839,3275,30.45,6.02,2.11,102.31,11.5,https://github.com/davideas/FlexibleAdapter,https://github.com/davideas/FlexibleAdapter.git,2015-05-02T22:00:43Z,
DataLinkDC/dinky,3567,4.27,31,1382,1334,6514,59172,196020,126894,44949,24177,22.93,7.05,1.31,25.86,9.72,https://github.com/DataLinkDC/dinky,https://github.com/DataLinkDC/dinky.git,2021-06-09T07:11:26Z,
code4craft/netty-learning,3558,12.0,0,867,1164,6849,68759,123340,69578,39562,14200,32.08,5.02,1.66,39.25,12.47,https://github.com/code4craft/netty-learning,https://github.com/code4craft/netty-learning.git,2013-09-19T02:24:25Z,
dropbox/hackpad,3555,10.1,0,350,619,6180,87731,130113,86255,30891,12967,23.74,5.09,1.81,152.3,37.62,https://github.com/dropbox/hackpad,https://github.com/dropbox/hackpad.git,2015-08-14T02:32:17Z,
bilibili/MagicaSakura,3553,9.24,3,51,84,598,5367,7971,5926,1025,1020,12.86,8.3,1.68,25.44,17.79,https://github.com/bilibili/MagicaSakura,https://github.com/bilibili/MagicaSakura.git,2016-06-23T07:54:59Z,
johncarl81/parceler,3544,12.21,0,181,440,1269,10156,15895,9790,3342,2763,21.03,4.7,1.35,16.59,3.68,https://github.com/johncarl81/parceler,https://github.com/johncarl81/parceler.git,2013-07-03T02:53:01Z,
springdoc/springdoc-openapi,3542,6.19,96,4209,3740,9435,54241,291133,116599,136211,38323,46.79,3.95,1.33,9.09,3.12,https://github.com/springdoc/springdoc-openapi,https://github.com/springdoc/springdoc-openapi.git,2019-07-11T23:08:20Z,
fabric8io/kubernetes-client,3566,10.19,124,7067,7776,86804,369313,1141717,811878,194139,135700,17.0,21.93,1.12,84.87,11.91,https://github.com/fabric8io/kubernetes-client,https://github.com/fabric8io/kubernetes-client.git,2015-07-09T15:43:13Z,
HelloWorld521/Java,3536,8.78,0,123,124,406,2697,5748,3904,1024,820,17.81,3.81,1.42,5.1,4.54,https://github.com/HelloWorld521/Java,https://github.com/HelloWorld521/Java.git,2016-12-08T14:01:46Z,
anggrayudi/android-hidden-api,3535,10.01,2,2,4,85,478,911,441,349,121,38.31,8.0,1.0,56.5,34.5,https://github.com/anggrayudi/android-hidden-api,https://github.com/anggrayudi/android-hidden-api.git,2015-09-16T11:58:33Z,
arimorty/floatingsearchview,3535,9.82,0,23,135,392,4170,5274,3566,889,819,16.86,3.57,1.18,26.28,5.1,https://github.com/arimorty/floatingsearchview,https://github.com/arimorty/floatingsearchview.git,2015-11-22T02:38:32Z,
fyhertz/libstreaming,3534,12.63,0,38,89,506,6798,9573,6010,2155,1408,22.51,3.57,1.42,23.29,15.47,https://github.com/fyhertz/libstreaming,https://github.com/fyhertz/libstreaming.git,2013-01-30T21:24:47Z,
luontola/retrolambda,3530,12.17,0,80,240,660,4848,6904,4962,575,1367,8.33,2.51,1.41,9.0,3.73,https://github.com/luontola/retrolambda,https://github.com/luontola/retrolambda.git,2013-07-20T07:25:22Z,
LinShunKang/MyPerf4J,3534,7.52,23,264,306,1224,10298,16626,12233,1343,3050,8.08,4.1,1.17,10.61,7.13,https://github.com/LinShunKang/MyPerf4J,https://github.com/LinShunKang/MyPerf4J.git,2018-03-11T09:58:44Z,
andremion/Music-Player,3522,9.37,2,15,32,115,926,1425,899,270,256,18.95,4.41,1.75,5.03,5.06,https://github.com/andremion/Music-Player,https://github.com/andremion/Music-Player.git,2016-05-06T21:55:37Z,
spring-cloud/spring-cloud-kubernetes,3522,8.76,32,957,1091,3762,31806,95564,55846,23893,15825,25.0,7.82,1.26,4.97,4.13,https://github.com/spring-cloud/spring-cloud-kubernetes,https://github.com/spring-cloud/spring-cloud-kubernetes.git,2016-12-13T21:36:25Z,
Netflix/maestro,3519,1.42,0,797,1016,4968,52592,113468,86923,16244,10301,14.32,8.34,1.61,28.97,9.67,https://github.com/Netflix/maestro,https://github.com/Netflix/maestro.git,2024-04-17T01:15:56Z,
dariuszseweryn/RxAndroidBle,3516,9.62,60,255,477,2292,15479,24542,18229,3316,2997,13.51,5.37,1.31,53.48,6.77,https://github.com/dariuszseweryn/RxAndroidBle,https://github.com/dariuszseweryn/RxAndroidBle.git,2016-02-04T13:42:02Z,
apache/logging-log4j2,3521,12.27,15,2562,3443,19937,168714,344299,210108,98167,36024,28.51,5.52,1.52,46.04,9.5,https://github.com/apache/logging-log4j2,https://github.com/apache/logging-log4j2.git,2013-06-12T07:00:19Z,
immutables/immutables,3516,12.2,15,1297,2736,9332,71038,116699,73494,23875,19330,20.46,4.65,1.29,30.61,5.2,https://github.com/immutables/immutables,https://github.com/immutables/immutables.git,2013-07-07T13:48:23Z,
lsjwzh/RecyclerViewPager,3515,10.67,10,25,71,231,2735,2995,2431,203,361,6.78,4.31,1.49,9.97,6.97,https://github.com/lsjwzh/RecyclerViewPager,https://github.com/lsjwzh/RecyclerViewPager.git,2015-01-17T18:30:34Z,
nytimes/Store,3511,8.8,0,182,290,1328,11288,17706,11467,3216,3023,18.16,6.2,1.56,17.06,6.91,https://github.com/nytimes/Store,https://github.com/nytimes/Store.git,2016-11-29T20:17:11Z,
1024-lab/smart-admin,3512,5.84,22,1120,572,1268,12870,75726,42220,20719,12787,27.36,6.45,1.23,3.79,4.31,https://github.com/1024-lab/smart-admin,https://github.com/1024-lab/smart-admin.git,2019-11-16T02:30:31Z,
codeestX/GeekNews,3504,9.11,0,194,439,1624,11939,16879,12167,1734,2978,10.27,4.63,1.45,10.01,4.94,https://github.com/codeestX/GeekNews,https://github.com/codeestX/GeekNews.git,2016-08-07T14:56:56Z,
cSploit/android,3503,10.96,33,172,512,1672,22657,27353,19960,3035,4358,11.1,4.21,1.52,15.65,8.25,https://github.com/cSploit/android,https://github.com/cSploit/android.git,2014-10-04T05:53:29Z,
baoyongzhang/SwipeMenuListView,3503,11.07,2,14,33,152,1347,1753,1274,236,243,13.46,4.39,1.45,15.24,8.03,https://github.com/baoyongzhang/SwipeMenuListView,https://github.com/baoyongzhang/SwipeMenuListView.git,2014-08-24T15:40:45Z,
lenve/JavaEETest,3497,8.76,0,209,154,439,2293,6883,5164,725,994,10.53,3.51,1.1,3.58,3.34,https://github.com/lenve/JavaEETest,https://github.com/lenve/JavaEETest.git,2016-12-13T02:13:58Z,
dromara/liteflow,3500,5.48,0,3376,1891,6247,40977,131816,87592,21796,22428,16.54,4.89,1.69,15.3,4.3,https://github.com/dromara/liteflow,https://github.com/dromara/liteflow.git,2020-03-25T16:49:22Z,
TNG/ArchUnit,3493,8.41,43,1315,3672,11509,80126,128777,92933,16136,19708,12.53,3.61,1.27,39.5,3.59,https://github.com/TNG/ArchUnit,https://github.com/TNG/ArchUnit.git,2017-04-21T08:39:20Z,
KingJA/LoadSir,3491,8.04,6,25,74,203,1481,1423,971,197,255,13.84,5.19,1.55,4.01,3.45,https://github.com/KingJA/LoadSir,https://github.com/KingJA/LoadSir.git,2017-09-02T08:32:15Z,
ittianyu/BottomNavigationViewEx,3476,8.85,19,14,29,147,1371,2242,1381,541,320,24.13,4.9,1.59,50.14,8.66,https://github.com/ittianyu/BottomNavigationViewEx,https://github.com/ittianyu/BottomNavigationViewEx.git,2016-11-12T08:39:38Z,
RikkaApps/Sui,3464,4.7,21,68,89,461,4514,7920,4978,1759,1183,22.21,4.96,1.16,14.55,11.88,https://github.com/RikkaApps/Sui,https://github.com/RikkaApps/Sui.git,2021-01-03T08:26:16Z,
phodal/migration,3464,5.69,0,13,12,13,101,201,148,11,42,5.47,1.42,1.0,0.08,1.42,https://github.com/phodal/migration,https://github.com/phodal/migration.git,2020-01-08T02:11:38Z,
AxonFramework/AxonFramework,3489,13.8,136,2341,3836,18931,144875,324668,181186,101267,42215,31.19,6.46,1.29,16.43,6.28,https://github.com/AxonFramework/AxonFramework,https://github.com/AxonFramework/AxonFramework.git,2011-12-02T16:04:42Z,
rubensousa/PreviewSeekBar,3459,8.65,10,11,23,180,1166,2083,1358,395,330,18.96,5.65,1.17,28.17,11.52,https://github.com/rubensousa/PreviewSeekBar,https://github.com/rubensousa/PreviewSeekBar.git,2017-01-24T23:52:44Z,
Grt1228/chatgpt-java,3457,2.6,10,158,201,443,3866,11743,6776,3589,1378,30.56,6.74,1.1,11.93,3.12,https://github.com/Grt1228/chatgpt-java,https://github.com/Grt1228/chatgpt-java.git,2023-02-11T08:54:54Z,
Netflix/concurrency-limits,3457,7.77,102,79,128,589,5131,8124,5255,1642,1227,20.21,4.61,1.28,8.28,6.32,https://github.com/Netflix/concurrency-limits,https://github.com/Netflix/concurrency-limits.git,2017-12-11T19:32:41Z,
ferredoxin/QNotified,3456,6.49,28,295,511,2599,35499,46745,35808,7037,3900,15.05,6.01,1.63,47.77,13.87,https://github.com/ferredoxin/QNotified,https://github.com/ferredoxin/QNotified.git,2019-03-24T05:12:41Z,
freeplane/freeplane,3455,13.02,12,1860,3558,19240,165566,239544,174438,36978,28128,15.44,4.5,1.55,48.43,10.6,https://github.com/freeplane/freeplane,https://github.com/freeplane/freeplane.git,2012-09-13T08:55:51Z,
alamkanak/Android-Week-View,3449,11.01,4,12,27,200,2003,2957,1963,579,415,19.58,3.63,1.26,238.33,16.52,https://github.com/alamkanak/Android-Week-View,https://github.com/alamkanak/Android-Week-View.git,2014-09-17T10:07:12Z,
crossoverJie/SSM,3440,9.24,10,169,218,1866,12864,14400,9879,1659,2862,11.52,3.19,1.15,110.8,9.9,https://github.com/crossoverJie/SSM,https://github.com/crossoverJie/SSM.git,2016-06-21T10:09:02Z,
apache/fory,3440,2.39,49,557,1430,7142,78430,110304,82930,16816,10558,15.25,5.16,2.2,38.55,9.83,https://github.com/apache/fory,https://github.com/apache/fory.git,2023-04-28T03:57:00Z,
rom1v/sndcpy,3435,5.27,2,2,4,20,214,260,213,2,45,0.77,7.75,2.0,20.25,8.5,https://github.com/rom1v/sndcpy,https://github.com/rom1v/sndcpy.git,2020-06-09T19:36:57Z,
sherxon/AlgoDS,3433,8.75,0,621,710,1581,21217,29362,22298,3127,3937,10.65,1.34,1.0,1.41,8.85,https://github.com/sherxon/AlgoDS,https://github.com/sherxon/AlgoDS.git,2016-12-16T17:01:22Z,
guolindev/giffun,3431,6.64,0,292,478,2596,22397,38440,23220,10092,5128,26.25,5.38,1.28,25.34,10.55,https://github.com/guolindev/giffun,https://github.com/guolindev/giffun.git,2019-01-28T05:11:00Z,
xcc3641/SeeWeather,3426,9.58,2,71,106,336,3101,4844,3651,518,675,10.69,4.92,1.54,6.12,5.2,https://github.com/xcc3641/SeeWeather,https://github.com/xcc3641/SeeWeather.git,2016-02-20T13:10:14Z,
WinterChenS/my-site,3426,7.38,0,79,90,433,3496,7708,4757,1828,1123,23.72,6.19,1.19,35.02,9.17,https://github.com/WinterChenS/my-site,https://github.com/WinterChenS/my-site.git,2018-05-03T09:05:37Z,
woxingxiao/BubbleSeekBar,3421,8.87,12,11,30,172,1958,2456,1946,143,367,5.82,4.9,1.3,91.7,14.03,https://github.com/woxingxiao/BubbleSeekBar,https://github.com/woxingxiao/BubbleSeekBar.git,2016-11-03T14:31:05Z,
GitLqr/LQRWeChat,3420,8.61,0,233,386,2002,17612,24049,17515,2875,3659,11.95,5.01,1.42,18.94,8.99,https://github.com/GitLqr/LQRWeChat,https://github.com/GitLqr/LQRWeChat.git,2017-02-07T06:32:40Z,
getActivity/Toaster,3417,7.01,36,25,35,218,1433,2466,1536,545,385,22.1,4.57,1.34,39.51,9.8,https://github.com/getActivity/Toaster,https://github.com/getActivity/Toaster.git,2018-09-16T05:28:57Z,
eclipse-openj9/openj9,3460,8.06,53,5057,7120,62936,650774,938584,597658,233417,107509,24.87,3.42,1.53,112.26,17.47,https://github.com/eclipse-openj9/openj9,https://github.com/eclipse-openj9/openj9.git,2017-08-25T13:46:07Z,
google/volley,3414,8.65,9,98,231,951,9295,15870,10066,3958,1846,24.94,5.19,1.7,12.29,6.48,https://github.com/google/volley,https://github.com/google/volley.git,2017-01-24T17:39:33Z,
apache/incubator-kie-optaplanner,3414,14.59,6,2813,3215,20600,155526,331500,207199,79722,44579,24.05,7.27,1.87,49.22,9.47,https://github.com/apache/incubator-kie-optaplanner,https://github.com/apache/incubator-kie-optaplanner.git,2011-02-15T19:38:23Z,
